ubigeo,year,prob_ci,class_ci_default,class_ci_calculated_50,class_ci_calculated_60,class_ci_100
010101,2016.0,0.6713,1.0,1,1,1
010102,2016.0,0.4888,0.0,0,0,0
010103,2016.0,0.5973333333333333,1.0,1,0,0
010104,2016.0,0.5449333333333333,1.0,1,0,0
010105,2016.0,0.5734666666666666,1.0,1,0,0
010106,2016.0,0.5434666666666665,1.0,1,0,0
010107,2016.0,0.49902222222222226,0.0,0,0,0
010108,2016.0,0.6550380952380952,1.0,1,1,0
010109,2016.0,0.5826666666666668,1.0,1,0,0
010110,2016.0,0.6034666666666666,1.0,1,1,0
010111,2016.0,0.5754222222222222,1.0,1,0,0
010112,2016.0,0.5821999999999999,1.0,1,0,0
010113,2016.0,0.5504888888888888,1.0,1,0,0
010114,2016.0,0.5454222222222223,1.0,1,0,0
010115,2016.0,0.5650666666666666,1.0,1,0,0
010116,2016.0,0.532,1.0,1,0,0
010117,2016.0,0.5107999999999999,1.0,1,0,0
010118,2016.0,0.5252,1.0,1,0,0
010119,2016.0,0.52,1.0,1,0,0
010120,2016.0,0.5158666666666666,1.0,1,0,0
010121,2016.0,0.5596666666666668,1.0,1,0,0
010201,2016.0,0.5134190476190477,1.0,1,0,0
010202,2016.0,0.6350444444444445,1.0,1,1,0
010203,2016.0,0.5998,1.0,1,0,0
010204,2016.0,0.5517333333333333,1.0,1,0,0
010205,2016.0,0.5344666666666664,1.0,1,0,0
010206,2016.0,0.6746666666666666,1.0,1,1,1
010301,2016.0,0.5941333333333333,1.0,1,0,0
010302,2016.0,0.493,0.0,0,0,0
010303,2016.0,0.5335142857142857,1.0,1,0,0
010304,2016.0,0.5013333333333333,1.0,1,0,0
010305,2016.0,0.5557333333333333,1.0,1,0,0
010306,2016.0,0.5152,1.0,1,0,0
010307,2016.0,0.5919047619047619,1.0,1,0,0
010308,2016.0,0.5538666666666665,1.0,1,0,0
010309,2016.0,0.5513333333333332,1.0,1,0,0
010310,2016.0,0.6040888888888889,1.0,1,1,0
010311,2016.0,0.5458222222222221,1.0,1,0,0
010312,2016.0,0.5117,1.0,1,0,0
010402,2016.0,0.5736,1.0,1,0,0
010403,2016.0,0.5470666666666666,1.0,1,0,0
010501,2016.0,0.5652666666666668,1.0,1,0,0
010502,2016.0,0.5267999999999999,1.0,1,0,0
010503,2016.0,0.6028,1.0,1,1,0
010504,2016.0,0.6037142857142856,1.0,1,1,0
010505,2016.0,0.5140666666666666,1.0,1,0,0
010506,2016.0,0.5771555555555555,1.0,1,0,0
010507,2016.0,0.5281333333333333,1.0,1,0,0
010508,2016.0,0.6658000000000001,1.0,1,1,1
010509,2016.0,0.6293047619047619,1.0,1,1,0
010510,2016.0,0.5970666666666666,1.0,1,0,0
010511,2016.0,0.5446666666666666,1.0,1,0,0
010512,2016.0,0.6290666666666666,1.0,1,1,0
010513,2016.0,0.5076153846153846,1.0,1,0,0
010514,2016.0,0.5899487179487181,1.0,1,0,0
010515,2016.0,0.5511333333333333,1.0,1,0,0
010516,2016.0,0.5108,1.0,1,0,0
010517,2016.0,0.5869333333333334,1.0,1,0,0
010518,2016.0,0.6241333333333332,1.0,1,1,0
010519,2016.0,0.5254666666666666,1.0,1,0,0
010520,2016.0,0.4968,0.0,0,0,0
010521,2016.0,0.6401333333333333,1.0,1,1,0
010522,2016.0,0.6106666666666666,1.0,1,1,0
010523,2016.0,0.5633333333333332,1.0,1,0,0
010601,2016.0,0.6344666666666667,1.0,1,1,0
010602,2016.0,0.5765333333333333,1.0,1,0,0
010603,2016.0,0.6101333333333332,1.0,1,1,0
010604,2016.0,0.6450666666666666,1.0,1,1,0
010605,2016.0,0.5853333333333333,1.0,1,0,0
010606,2016.0,0.6255333333333333,1.0,1,1,0
010607,2016.0,0.5606,1.0,1,0,0
010608,2016.0,0.5943999999999998,1.0,1,0,0
010609,2016.0,0.5280222222222223,1.0,1,0,0
010610,2016.0,0.5678666666666665,1.0,1,0,0
010611,2016.0,0.5814666666666666,1.0,1,0,0
010612,2016.0,0.5426666666666666,1.0,1,0,0
010701,2016.0,0.6101116883116884,1.0,1,1,0
010702,2016.0,0.5779999999999998,1.0,1,0,0
010704,2016.0,0.6003333333333334,1.0,1,1,0
010705,2016.0,0.5312666666666667,1.0,1,0,0
010706,2016.0,0.5454666666666667,1.0,1,0,0
010707,2016.0,0.5214666666666667,1.0,1,0,0
020101,2016.0,0.6929575757575759,1.0,1,1,1
020102,2016.0,0.5176000000000001,1.0,1,0,0
020103,2016.0,0.6344666666666667,1.0,1,1,0
020104,2016.0,0.5543333333333333,1.0,1,0,0
020105,2016.0,0.5399666666666666,1.0,1,0,0
020106,2016.0,0.5958000000000001,1.0,1,0,0
020107,2016.0,0.5408,1.0,1,0,0
020108,2016.0,0.5623555555555555,1.0,1,0,0
020109,2016.0,0.5902666666666666,1.0,1,0,0
020110,2016.0,0.4931333333333333,0.0,0,0,0
020111,2016.0,0.6131428571428571,1.0,1,1,0
020112,2016.0,0.5052,1.0,1,0,0
020201,2016.0,0.6573,1.0,1,1,0
020202,2016.0,0.5627333333333333,1.0,1,0,0
020203,2016.0,0.5914666666666667,1.0,1,0,0
020204,2016.0,0.5710666666666666,1.0,1,0,0
020205,2016.0,0.5866888888888888,1.0,1,0,0
020301,2016.0,0.5781714285714284,1.0,1,0,0
020302,2016.0,0.5391333333333332,1.0,1,0,0
020303,2016.0,0.6162666666666666,1.0,1,1,0
020304,2016.0,0.5312666666666667,1.0,1,0,0
020305,2016.0,0.5573333333333332,1.0,1,0,0
020306,2016.0,0.5344222222222222,1.0,1,0,0
020401,2016.0,0.6482380952380953,1.0,1,1,0
020402,2016.0,0.5718888888888889,1.0,1,0,0
020501,2016.0,0.5599809523809525,1.0,1,0,0
020502,2016.0,0.5006666666666666,1.0,1,0,0
020503,2016.0,0.5961555555555555,1.0,1,0,0
020504,2016.0,0.5668,1.0,1,0,0
020505,2016.0,0.585911111111111,1.0,1,0,0
020506,2016.0,0.5586888888888889,1.0,1,0,0
020507,2016.0,0.5254666666666666,1.0,1,0,0
020508,2016.0,0.6113777777777777,1.0,1,1,0
020509,2016.0,0.6333333333333332,1.0,1,1,0
020510,2016.0,0.5464888888888888,1.0,1,0,0
020511,2016.0,0.5764444444444443,1.0,1,0,0
020512,2016.0,0.5875999999999999,1.0,1,0,0
020513,2016.0,0.5560222222222222,1.0,1,0,0
020514,2016.0,0.5462666666666667,1.0,1,0,0
020515,2016.0,0.5606888888888889,1.0,1,0,0
020601,2016.0,0.6436666666666668,1.0,1,1,0
020602,2016.0,0.5008,1.0,1,0,0
020603,2016.0,0.5628666666666665,1.0,1,0,0
020604,2016.0,0.5042666666666668,1.0,1,0,0
020605,2016.0,0.5369,1.0,1,0,0
020606,2016.0,0.5517809523809523,1.0,1,0,0
020607,2016.0,0.5691333333333334,1.0,1,0,0
020608,2016.0,0.46079999999999993,0.0,0,0,0
020609,2016.0,0.5677333333333333,1.0,1,0,0
020610,2016.0,0.5291333333333332,1.0,1,0,0
020611,2016.0,0.5795333333333333,1.0,1,0,0
020701,2016.0,0.561,1.0,1,0,0
020702,2016.0,0.4575222222222222,0.0,0,0,0
020703,2016.0,0.5550380952380953,1.0,1,0,0
020801,2016.0,0.5949714285714287,1.0,1,0,0
020802,2016.0,0.6738820512820514,1.0,1,1,1
020803,2016.0,0.6846857142857142,1.0,1,1,1
020804,2016.0,0.6113333333333334,1.0,1,1,0
020901,2016.0,0.5334222222222222,1.0,1,0,0
020902,2016.0,0.5999333333333334,1.0,1,0,0
020903,2016.0,0.5188698412698414,1.0,1,0,0
020904,2016.0,0.6098222222222222,1.0,1,1,0
020905,2016.0,0.633,1.0,1,1,0
020906,2016.0,0.5682666666666667,1.0,1,0,0
020907,2016.0,0.5911555555555555,1.0,1,0,0
021001,2016.0,0.42973333333333336,0.0,0,0,0
021002,2016.0,0.5395999999999999,1.0,1,0,0
021003,2016.0,0.5434666666666667,1.0,1,0,0
021004,2016.0,0.6348666666666667,1.0,1,1,0
021005,2016.0,0.5751999999999999,1.0,1,0,0
021006,2016.0,0.6262666666666666,1.0,1,1,0
021007,2016.0,0.5236,1.0,1,0,0
021008,2016.0,0.43526666666666664,0.0,0,0,0
021009,2016.0,0.5768,1.0,1,0,0
021010,2016.0,0.5578333333333333,1.0,1,0,0
021011,2016.0,0.5408,1.0,1,0,0
021012,2016.0,0.628,1.0,1,1,0
021013,2016.0,0.5071,1.0,1,0,0
021014,2016.0,0.617704761904762,1.0,1,1,0
021015,2016.0,0.5524,1.0,1,0,0
021016,2016.0,0.5809333333333334,1.0,1,0,0
021101,2016.0,0.6071904761904763,1.0,1,1,0
021102,2016.0,0.5638,1.0,1,0,0
021103,2016.0,0.5941777777777778,1.0,1,0,0
021104,2016.0,0.6146666666666667,1.0,1,1,0
021105,2016.0,0.5850666666666666,1.0,1,0,0
021201,2016.0,0.5721714285714287,1.0,1,0,0
021202,2016.0,0.5982333333333334,1.0,1,0,0
021203,2016.0,0.555,1.0,1,0,0
021204,2016.0,0.5675999999999999,1.0,1,0,0
021205,2016.0,0.613752380952381,1.0,1,1,0
021206,2016.0,0.5544888888888888,1.0,1,0,0
021207,2016.0,0.5182666666666667,1.0,1,0,0
021208,2016.0,0.5635333333333334,1.0,1,0,0
021209,2016.0,0.5848,1.0,1,0,0
021210,2016.0,0.569,1.0,1,0,0
021301,2016.0,0.4811333333333333,0.0,0,0,0
021302,2016.0,0.5113333333333333,1.0,1,0,0
021303,2016.0,0.5115333333333334,1.0,1,0,0
021304,2016.0,0.5542666666666667,1.0,1,0,0
021305,2016.0,0.5116666666666667,1.0,1,0,0
021306,2016.0,0.5818222222222222,1.0,1,0,0
021307,2016.0,0.5231333333333332,1.0,1,0,0
021308,2016.0,0.5449333333333334,1.0,1,0,0
021401,2016.0,0.5989333333333334,1.0,1,0,0
021402,2016.0,0.5307999999999999,1.0,1,0,0
021403,2016.0,0.5948,1.0,1,0,0
021404,2016.0,0.5592999999999999,1.0,1,0,0
021405,2016.0,0.6581190476190476,1.0,1,1,0
021406,2016.0,0.5932444444444445,1.0,1,0,0
021407,2016.0,0.5213333333333332,1.0,1,0,0
021408,2016.0,0.5341333333333333,1.0,1,0,0
021409,2016.0,0.5992272727272727,1.0,1,0,0
021410,2016.0,0.5723142857142857,1.0,1,0,0
021501,2016.0,0.5365999999999999,1.0,1,0,0
021502,2016.0,0.5638,1.0,1,0,0
021503,2016.0,0.5511714285714285,1.0,1,0,0
021504,2016.0,0.5246095238095239,1.0,1,0,0
021505,2016.0,0.5716000000000001,1.0,1,0,0
021506,2016.0,0.5515999999999999,1.0,1,0,0
021507,2016.0,0.6242666666666666,1.0,1,1,0
021508,2016.0,0.5642666666666667,1.0,1,0,0
021509,2016.0,0.5249333333333334,1.0,1,0,0
021510,2016.0,0.5721333333333332,1.0,1,0,0
021511,2016.0,0.6347858585858585,1.0,1,1,0
021601,2016.0,0.6123555555555557,1.0,1,1,0
021602,2016.0,0.5626666666666668,1.0,1,0,0
021603,2016.0,0.5297999999999999,1.0,1,0,0
021604,2016.0,0.5722153846153847,1.0,1,0,0
021701,2016.0,0.5604666666666667,1.0,1,0,0
021702,2016.0,0.5277333333333334,1.0,1,0,0
021703,2016.0,0.552,1.0,1,0,0
021704,2016.0,0.5564666666666666,1.0,1,0,0
021705,2016.0,0.5335555555555556,1.0,1,0,0
021706,2016.0,0.6035999999999999,1.0,1,1,0
021707,2016.0,0.4881333333333333,0.0,0,0,0
021708,2016.0,0.6037333333333332,1.0,1,1,0
021709,2016.0,0.5519333333333333,1.0,1,0,0
021710,2016.0,0.6269111111111112,1.0,1,1,0
021801,2016.0,0.655852380952381,1.0,1,1,0
021802,2016.0,0.5597142857142857,1.0,1,0,0
021803,2016.0,0.6046,1.0,1,1,0
021804,2016.0,0.5042153846153846,1.0,1,0,0
021805,2016.0,0.5938666666666667,1.0,1,0,0
021806,2016.0,0.631104761904762,1.0,1,1,0
021807,2016.0,0.5828666666666668,1.0,1,0,0
021808,2016.0,0.6201000000000001,1.0,1,1,0
021809,2016.0,0.5738349206349208,1.0,1,0,0
021901,2016.0,0.5327619047619047,1.0,1,0,0
021902,2016.0,0.535847619047619,1.0,1,0,0
021903,2016.0,0.5261333333333333,1.0,1,0,0
021904,2016.0,0.6010666666666667,1.0,1,1,0
021905,2016.0,0.5728,1.0,1,0,0
021906,2016.0,0.5201333333333333,1.0,1,0,0
021907,2016.0,0.5045999999999999,1.0,1,0,0
021908,2016.0,0.5094,1.0,1,0,0
021909,2016.0,0.5293333333333333,1.0,1,0,0
021910,2016.0,0.5401333333333334,1.0,1,0,0
022001,2016.0,0.6555238095238095,1.0,1,1,0
022002,2016.0,0.5257999999999999,1.0,1,0,0
022003,2016.0,0.5901904761904762,1.0,1,0,0
022004,2016.0,0.5661555555555555,1.0,1,0,0
022005,2016.0,0.5221333333333333,1.0,1,0,0
022006,2016.0,0.4898,0.0,0,0,0
022007,2016.0,0.5164153846153847,1.0,1,0,0
022008,2016.0,0.562,1.0,1,0,0
030101,2016.0,0.6390222222222224,1.0,1,1,0
030102,2016.0,0.534,1.0,1,0,0
030103,2016.0,0.5575333333333333,1.0,1,0,0
030104,2016.0,0.5988666666666667,1.0,1,0,0
030105,2016.0,0.49546666666666667,0.0,0,0,0
030106,2016.0,0.5368222222222223,1.0,1,0,0
030107,2016.0,0.5259047619047619,1.0,1,0,0
030108,2016.0,0.5751999999999999,1.0,1,0,0
030109,2016.0,0.6036444444444444,1.0,1,1,0
030201,2016.0,0.6979333333333334,1.0,1,1,1
030202,2016.0,0.5025333333333333,1.0,1,0,0
030203,2016.0,0.4840888888888889,0.0,0,0,0
030204,2016.0,0.6045999999999999,1.0,1,1,0
030205,2016.0,0.5310999999999999,1.0,1,0,0
030206,2016.0,0.486,0.0,0,0,0
030207,2016.0,0.49146666666666666,0.0,0,0,0
030208,2016.0,0.4887333333333333,0.0,0,0,0
030209,2016.0,0.5080666666666666,1.0,1,0,0
030210,2016.0,0.5571333333333334,1.0,1,0,0
030211,2016.0,0.5224888888888888,1.0,1,0,0
030212,2016.0,0.5018666666666667,1.0,1,0,0
030213,2016.0,0.6097714285714286,1.0,1,1,0
030214,2016.0,0.5202666666666667,1.0,1,0,0
030215,2016.0,0.5464,1.0,1,0,0
030216,2016.0,0.6710606060606062,1.0,1,1,1
030217,2016.0,0.4844153846153846,0.0,0,0,0
030218,2016.0,0.5182666666666667,1.0,1,0,0
030219,2016.0,0.49493333333333334,0.0,0,0,0
030301,2016.0,0.5462888888888888,1.0,1,0,0
030302,2016.0,0.5103333333333333,1.0,1,0,0
030303,2016.0,0.5356000000000001,1.0,1,0,0
030304,2016.0,0.5161333333333333,1.0,1,0,0
030305,2016.0,0.4594820512820513,0.0,0,0,0
030306,2016.0,0.6202666666666667,1.0,1,1,0
030307,2016.0,0.5417666666666666,1.0,1,0,0
030401,2016.0,0.6120333333333334,1.0,1,1,0
030402,2016.0,0.5004000000000001,1.0,1,0,0
030403,2016.0,0.5280999999999999,1.0,1,0,0
030404,2016.0,0.4962,0.0,0,0,0
030405,2016.0,0.5274666666666668,1.0,1,0,0
030406,2016.0,0.4699999999999999,0.0,0,0,0
030407,2016.0,0.5652222222222222,1.0,1,0,0
030408,2016.0,0.5729333333333333,1.0,1,0,0
030409,2016.0,0.5203047619047619,1.0,1,0,0
030410,2016.0,0.5544,1.0,1,0,0
030411,2016.0,0.4993333333333333,0.0,0,0,0
030412,2016.0,0.5214666666666666,1.0,1,0,0
030413,2016.0,0.5254666666666667,1.0,1,0,0
030414,2016.0,0.4812820512820513,0.0,0,0,0
030415,2016.0,0.5279333333333333,1.0,1,0,0
030416,2016.0,0.5038888888888889,1.0,1,0,0
030417,2016.0,0.5508,1.0,1,0,0
030501,2016.0,0.5816476190476191,1.0,1,0,0
030502,2016.0,0.5307555555555555,1.0,1,0,0
030503,2016.0,0.5240820512820512,1.0,1,0,0
030504,2016.0,0.5123809523809524,1.0,1,0,0
030505,2016.0,0.5469809523809523,1.0,1,0,0
030506,2016.0,0.5585333333333333,1.0,1,0,0
030601,2016.0,0.46277142857142856,0.0,0,0,0
030602,2016.0,0.6174666666666666,1.0,1,1,0
030603,2016.0,0.48146666666666665,0.0,0,0,0
030604,2016.0,0.5544666666666667,1.0,1,0,0
030605,2016.0,0.4828,0.0,0,0,0
030606,2016.0,0.6290757020757021,1.0,1,1,0
030607,2016.0,0.5421333333333335,1.0,1,0,0
030608,2016.0,0.49766666666666665,0.0,0,0,0
030701,2016.0,0.5801714285714286,1.0,1,0,0
030702,2016.0,0.5301333333333332,1.0,1,0,0
030703,2016.0,0.530888888888889,1.0,1,0,0
030704,2016.0,0.5829333333333333,1.0,1,0,0
030705,2016.0,0.5398,1.0,1,0,0
030706,2016.0,0.5223714285714286,1.0,1,0,0
030707,2016.0,0.5184888888888888,1.0,1,0,0
030708,2016.0,0.5193555555555556,1.0,1,0,0
030709,2016.0,0.5296888888888889,1.0,1,0,0
030710,2016.0,0.5753333333333334,1.0,1,0,0
030711,2016.0,0.5444666666666667,1.0,1,0,0
030712,2016.0,0.5299333333333333,1.0,1,0,0
030713,2016.0,0.5786,1.0,1,0,0
030714,2016.0,0.5541333333333334,1.0,1,0,0
040101,2016.0,0.700747619047619,1.0,1,1,1
040102,2016.0,0.5611142857142858,1.0,1,0,0
040103,2016.0,0.629248051948052,1.0,1,1,0
040104,2016.0,0.6028761904761906,1.0,1,1,0
040105,2016.0,0.5619333333333334,1.0,1,0,0
040106,2016.0,0.636152380952381,1.0,1,1,0
040107,2016.0,0.6606333333333334,1.0,1,1,0
040108,2016.0,0.6827333333333334,1.0,1,1,1
040109,2016.0,0.6565142857142857,1.0,1,1,0
040110,2016.0,0.6218718614718616,1.0,1,1,0
040111,2016.0,0.6222666666666666,1.0,1,1,0
040112,2016.0,0.6765666666666669,1.0,1,1,1
040113,2016.0,0.5988888888888888,1.0,1,0,0
040114,2016.0,0.5201333333333333,1.0,1,0,0
040115,2016.0,0.6129714285714286,1.0,1,1,0
040116,2016.0,0.5454017316017317,1.0,1,0,0
040117,2016.0,0.6613142857142859,1.0,1,1,0
040118,2016.0,0.6390666666666668,1.0,1,1,0
040119,2016.0,0.5741333333333333,1.0,1,0,0
040120,2016.0,0.5257333333333334,1.0,1,0,0
040121,2016.0,0.6208333333333333,1.0,1,1,0
040122,2016.0,0.7269333333333333,1.0,1,1,1
040123,2016.0,0.6795809523809525,1.0,1,1,1
040124,2016.0,0.6232666666666669,1.0,1,1,0
040125,2016.0,0.6323333333333335,1.0,1,1,0
040126,2016.0,0.6404000000000002,1.0,1,1,0
040127,2016.0,0.6428,1.0,1,1,0
040128,2016.0,0.6379333333333332,1.0,1,1,0
040129,2016.0,0.5903636363636365,1.0,1,0,0
040201,2016.0,0.5614285714285715,1.0,1,0,0
040202,2016.0,0.5802666666666666,1.0,1,0,0
040203,2016.0,0.6270666666666668,1.0,1,1,0
040204,2016.0,0.6228,1.0,1,1,0
040205,2016.0,0.6322000000000002,1.0,1,1,0
040206,2016.0,0.6985142857142858,1.0,1,1,1
040207,2016.0,0.5581333333333333,1.0,1,0,0
040208,2016.0,0.5801333333333333,1.0,1,0,0
040301,2016.0,0.6435047619047619,1.0,1,1,0
040302,2016.0,0.5760153846153846,1.0,1,0,0
040303,2016.0,0.6016000000000001,1.0,1,1,0
040304,2016.0,0.6264222222222223,1.0,1,1,0
040305,2016.0,0.6523487179487178,1.0,1,1,0
040306,2016.0,0.5871999999999999,1.0,1,0,0
040307,2016.0,0.6109142857142857,1.0,1,1,0
040308,2016.0,0.6389333333333334,1.0,1,1,0
040309,2016.0,0.5837333333333332,1.0,1,0,0
040310,2016.0,0.6163333333333333,1.0,1,1,0
040311,2016.0,0.6276666666666666,1.0,1,1,0
040312,2016.0,0.6594666666666666,1.0,1,1,0
040313,2016.0,0.6098333333333333,1.0,1,1,0
040401,2016.0,0.6081714285714286,1.0,1,1,0
040402,2016.0,0.6576000000000001,1.0,1,1,0
040403,2016.0,0.5354888888888888,1.0,1,0,0
040404,2016.0,0.6098,1.0,1,1,0
040405,2016.0,0.6018,1.0,1,1,0
040406,2016.0,0.636,1.0,1,1,0
040407,2016.0,0.6334000000000001,1.0,1,1,0
040408,2016.0,0.61,1.0,1,1,0
040409,2016.0,0.6292444444444445,1.0,1,1,0
040410,2016.0,0.6206,1.0,1,1,0
040411,2016.0,0.6171333333333333,1.0,1,1,0
040412,2016.0,0.6723333333333333,1.0,1,1,1
040413,2016.0,0.5966,1.0,1,0,0
040414,2016.0,0.5988,1.0,1,0,0
040501,2016.0,0.6179333333333336,1.0,1,1,0
040502,2016.0,0.5599333333333333,1.0,1,0,0
040503,2016.0,0.5962000000000001,1.0,1,0,0
040504,2016.0,0.49133333333333323,0.0,0,0,0
040505,2016.0,0.6064969696969696,1.0,1,1,0
040506,2016.0,0.6092666666666667,1.0,1,1,0
040507,2016.0,0.6220666666666668,1.0,1,1,0
040508,2016.0,0.5785714285714285,1.0,1,0,0
040509,2016.0,0.5063,1.0,1,0,0
040510,2016.0,0.602,1.0,1,1,0
040511,2016.0,0.6122666666666666,1.0,1,1,0
040512,2016.0,0.5895999999999999,1.0,1,0,0
040513,2016.0,0.6706666666666667,1.0,1,1,1
040514,2016.0,0.6071428571428571,1.0,1,1,0
040515,2016.0,0.5848666666666666,1.0,1,0,0
040516,2016.0,0.49693333333333334,0.0,0,0,0
040517,2016.0,0.5688888888888889,1.0,1,0,0
040518,2016.0,0.5922666666666666,1.0,1,0,0
040519,2016.0,0.5988,1.0,1,0,0
040520,2016.0,0.5766190476190476,1.0,1,0,0
040601,2016.0,0.5935333333333335,1.0,1,0,0
040602,2016.0,0.5678222222222223,1.0,1,0,0
040603,2016.0,0.5942666666666666,1.0,1,0,0
040604,2016.0,0.6089333333333333,1.0,1,1,0
040605,2016.0,0.566088888888889,1.0,1,0,0
040606,2016.0,0.5485777777777778,1.0,1,0,0
040607,2016.0,0.5746333333333333,1.0,1,0,0
040608,2016.0,0.6216666666666666,1.0,1,1,0
040701,2016.0,0.5485904761904762,1.0,1,0,0
040702,2016.0,0.5973904761904761,1.0,1,0,0
040703,2016.0,0.6079714285714285,1.0,1,1,0
040704,2016.0,0.5471666666666667,1.0,1,0,0
040705,2016.0,0.5732,1.0,1,0,0
040706,2016.0,0.5926666666666667,1.0,1,0,0
040801,2016.0,0.5364666666666666,1.0,1,0,0
040802,2016.0,0.5726761904761906,1.0,1,0,0
040803,2016.0,0.6189333333333333,1.0,1,1,0
040804,2016.0,0.6066666666666666,1.0,1,1,0
040805,2016.0,0.6227999999999999,1.0,1,1,0
040806,2016.0,0.6123555555555555,1.0,1,1,0
040807,2016.0,0.5456444444444444,1.0,1,0,0
040808,2016.0,0.5353333333333332,1.0,1,0,0
040809,2016.0,0.6442666666666667,1.0,1,1,0
040810,2016.0,0.6062666666666667,1.0,1,1,0
040811,2016.0,0.5406571428571428,1.0,1,0,0
050101,2016.0,0.6868333333333333,1.0,1,1,1
050102,2016.0,0.4524666666666667,0.0,0,0,0
050103,2016.0,0.536,1.0,1,0,0
050104,2016.0,0.5361666666666668,1.0,1,0,0
050105,2016.0,0.49666666666666665,0.0,0,0,0
050106,2016.0,0.5101333333333332,1.0,1,0,0
050107,2016.0,0.5060666666666666,1.0,1,0,0
050108,2016.0,0.5427487179487179,1.0,1,0,0
050109,2016.0,0.5006,1.0,1,0,0
050110,2016.0,0.6347,1.0,1,1,0
050111,2016.0,0.5124000000000001,1.0,1,0,0
050112,2016.0,0.593,1.0,1,0,0
050113,2016.0,0.630104761904762,1.0,1,1,0
050114,2016.0,0.5350666666666667,1.0,1,0,0
050115,2016.0,0.6404000000000001,1.0,1,1,0
050116,2016.0,0.5231666666666668,1.0,1,0,0
050201,2016.0,0.6167142857142858,1.0,1,1,0
050202,2016.0,0.5316,1.0,1,0,0
050203,2016.0,0.5016,1.0,1,0,0
050204,2016.0,0.5378,1.0,1,0,0
050205,2016.0,0.5070666666666667,1.0,1,0,0
050206,2016.0,0.5094666666666666,1.0,1,0,0
050301,2016.0,0.5795380952380953,1.0,1,0,0
050302,2016.0,0.5604222222222223,1.0,1,0,0
050303,2016.0,0.4931460317460317,0.0,0,0,0
050304,2016.0,0.5638709401709402,1.0,1,0,0
050401,2016.0,0.6217333333333332,1.0,1,1,0
050402,2016.0,0.492,0.0,0,0,0
050403,2016.0,0.5137111111111111,1.0,1,0,0
050404,2016.0,0.5366333333333333,1.0,1,0,0
050405,2016.0,0.6270666666666667,1.0,1,1,0
050406,2016.0,0.5274222222222222,1.0,1,0,0
050407,2016.0,0.5102666666666668,1.0,1,0,0
050408,2016.0,0.5626476190476192,1.0,1,0,0
050409,2016.0,0.6233333333333333,1.0,1,1,0
050501,2016.0,0.5502,1.0,1,0,0
050502,2016.0,0.5508000000000001,1.0,1,0,0
050503,2016.0,0.6478969696969697,1.0,1,1,0
050504,2016.0,0.5736888888888889,1.0,1,0,0
050505,2016.0,0.5266000000000001,1.0,1,0,0
050506,2016.0,0.49753174603174605,0.0,0,0,0
050507,2016.0,0.5272666666666668,1.0,1,0,0
050508,2016.0,0.5200666666666666,1.0,1,0,0
050509,2016.0,0.5946777777777779,1.0,1,0,0
050510,2016.0,0.6213999999999998,1.0,1,1,0
050601,2016.0,0.6091809523809524,1.0,1,1,0
050602,2016.0,0.5861333333333333,1.0,1,0,0
050603,2016.0,0.5818,1.0,1,0,0
050604,2016.0,0.6133238095238095,1.0,1,1,0
050605,2016.0,0.5722888888888888,1.0,1,0,0
050606,2016.0,0.5069333333333333,1.0,1,0,0
050607,2016.0,0.5293333333333332,1.0,1,0,0
050608,2016.0,0.5766222222222221,1.0,1,0,0
050609,2016.0,0.582,1.0,1,0,0
050610,2016.0,0.5353555555555556,1.0,1,0,0
050611,2016.0,0.5966857142857142,1.0,1,0,0
050612,2016.0,0.6201333333333332,1.0,1,1,0
050613,2016.0,0.5494000000000001,1.0,1,0,0
050614,2016.0,0.6092820512820513,1.0,1,1,0
050615,2016.0,0.6006666666666668,1.0,1,1,0
050616,2016.0,0.5873999999999999,1.0,1,0,0
050617,2016.0,0.5876666666666667,1.0,1,0,0
050618,2016.0,0.556,1.0,1,0,0
050619,2016.0,0.5215714285714285,1.0,1,0,0
050620,2016.0,0.5653333333333332,1.0,1,0,0
050621,2016.0,0.5655999999999999,1.0,1,0,0
050701,2016.0,0.5660666666666666,1.0,1,0,0
050702,2016.0,0.6213333333333334,1.0,1,1,0
050703,2016.0,0.5604666666666666,1.0,1,0,0
050704,2016.0,0.5230444444444445,1.0,1,0,0
050705,2016.0,0.5982857142857142,1.0,1,0,0
050706,2016.0,0.535830303030303,1.0,1,0,0
050707,2016.0,0.6088000000000001,1.0,1,1,0
050708,2016.0,0.5435333333333333,1.0,1,0,0
050801,2016.0,0.5365777777777778,1.0,1,0,0
050802,2016.0,0.5006,1.0,1,0,0
050803,2016.0,0.6004047619047619,1.0,1,1,0
050804,2016.0,0.5929047619047619,1.0,1,0,0
050805,2016.0,0.5238666666666667,1.0,1,0,0
050806,2016.0,0.5499333333333332,1.0,1,0,0
050807,2016.0,0.5931809523809525,1.0,1,0,0
050808,2016.0,0.5651333333333333,1.0,1,0,0
050809,2016.0,0.549,1.0,1,0,0
050810,2016.0,0.6139523809523809,1.0,1,1,0
050901,2016.0,0.5685630036630036,1.0,1,0,0
050902,2016.0,0.5929333333333334,1.0,1,0,0
050903,2016.0,0.5892525252525252,1.0,1,0,0
050904,2016.0,0.5709333333333334,1.0,1,0,0
050905,2016.0,0.47948888888888896,0.0,0,0,0
050906,2016.0,0.519988888888889,1.0,1,0,0
050907,2016.0,0.5015555555555555,1.0,1,0,0
050908,2016.0,0.5250666666666667,1.0,1,0,0
050909,2016.0,0.5556666666666668,1.0,1,0,0
050910,2016.0,0.5661333333333334,1.0,1,0,0
050911,2016.0,0.5353333333333332,1.0,1,0,0
051001,2016.0,0.5729333333333334,1.0,1,0,0
051002,2016.0,0.5147999999999999,1.0,1,0,0
051003,2016.0,0.6040380952380952,1.0,1,1,0
051004,2016.0,0.5590666666666666,1.0,1,0,0
051005,2016.0,0.5764888888888888,1.0,1,0,0
051006,2016.0,0.5474888888888888,1.0,1,0,0
051007,2016.0,0.5923333333333333,1.0,1,0,0
051008,2016.0,0.5453333333333332,1.0,1,0,0
051009,2016.0,0.5605333333333333,1.0,1,0,0
051010,2016.0,0.5958,1.0,1,0,0
051011,2016.0,0.4876222222222223,0.0,0,0,0
051012,2016.0,0.5359333333333334,1.0,1,0,0
051101,2016.0,0.5432666666666667,1.0,1,0,0
051102,2016.0,0.5375999999999999,1.0,1,0,0
051103,2016.0,0.5341333333333333,1.0,1,0,0
051104,2016.0,0.5398222222222223,1.0,1,0,0
051105,2016.0,0.5253333333333332,1.0,1,0,0
051106,2016.0,0.5020380952380953,1.0,1,0,0
051107,2016.0,0.5492999999999999,1.0,1,0,0
051108,2016.0,0.4838222222222222,0.0,0,0,0
060101,2016.0,0.6410809523809523,1.0,1,1,0
060102,2016.0,0.525942857142857,1.0,1,0,0
060103,2016.0,0.6122666666666665,1.0,1,1,0
060104,2016.0,0.5589333333333334,1.0,1,0,0
060105,2016.0,0.5540666666666666,1.0,1,0,0
060106,2016.0,0.5769428571428572,1.0,1,0,0
060107,2016.0,0.567,1.0,1,0,0
060108,2016.0,0.6529777777777778,1.0,1,1,0
060109,2016.0,0.5207999999999999,1.0,1,0,0
060110,2016.0,0.5928,1.0,1,0,0
060111,2016.0,0.5246190476190475,1.0,1,0,0
060112,2016.0,0.6004666666666666,1.0,1,1,0
060201,2016.0,0.6490606060606061,1.0,1,1,0
060202,2016.0,0.5310666666666666,1.0,1,0,0
060203,2016.0,0.5689333333333334,1.0,1,0,0
060204,2016.0,0.6423333333333334,1.0,1,1,0
060301,2016.0,0.6296666666666666,1.0,1,1,0
060302,2016.0,0.5321333333333333,1.0,1,0,0
060303,2016.0,0.5942000000000001,1.0,1,0,0
060304,2016.0,0.5529999999999999,1.0,1,0,0
060305,2016.0,0.5441476190476191,1.0,1,0,0
060306,2016.0,0.5674,1.0,1,0,0
060307,2016.0,0.5786666666666668,1.0,1,0,0
060308,2016.0,0.6042000000000001,1.0,1,1,0
060309,2016.0,0.5675350649350649,1.0,1,0,0
060310,2016.0,0.5505047619047619,1.0,1,0,0
060311,2016.0,0.5701333333333334,1.0,1,0,0
060312,2016.0,0.5651492063492063,1.0,1,0,0
060401,2016.0,0.5791666666666666,1.0,1,0,0
060402,2016.0,0.5416,1.0,1,0,0
060403,2016.0,0.6333333333333333,1.0,1,1,0
060404,2016.0,0.5397487179487178,1.0,1,0,0
060405,2016.0,0.5388,1.0,1,0,0
060406,2016.0,0.5274888888888888,1.0,1,0,0
060407,2016.0,0.5548666666666666,1.0,1,0,0
060408,2016.0,0.5215555555555554,1.0,1,0,0
060409,2016.0,0.541088888888889,1.0,1,0,0
060410,2016.0,0.5430666666666667,1.0,1,0,0
060411,2016.0,0.599920634920635,1.0,1,0,0
060412,2016.0,0.5873333333333333,1.0,1,0,0
060414,2016.0,0.6456000000000001,1.0,1,1,0
060415,2016.0,0.5165555555555557,1.0,1,0,0
060416,2016.0,0.5954666666666666,1.0,1,0,0
060417,2016.0,0.5558,1.0,1,0,0
060418,2016.0,0.552,1.0,1,0,0
060419,2016.0,0.5004,1.0,1,0,0
060501,2016.0,0.6444666666666667,1.0,1,1,0
060502,2016.0,0.5497333333333333,1.0,1,0,0
060503,2016.0,0.5708222222222222,1.0,1,0,0
060504,2016.0,0.6032,1.0,1,1,0
060505,2016.0,0.6942000000000002,1.0,1,1,1
060506,2016.0,0.5624,1.0,1,0,0
060507,2016.0,0.558,1.0,1,0,0
060508,2016.0,0.6113999999999999,1.0,1,1,0
060601,2016.0,0.5770380952380952,1.0,1,0,0
060602,2016.0,0.6034031746031746,1.0,1,1,0
060603,2016.0,0.5760666666666667,1.0,1,0,0
060604,2016.0,0.5747333333333333,1.0,1,0,0
060605,2016.0,0.5276000000000001,1.0,1,0,0
060606,2016.0,0.5699333333333333,1.0,1,0,0
060607,2016.0,0.5649333333333333,1.0,1,0,0
060608,2016.0,0.5362666666666667,1.0,1,0,0
060609,2016.0,0.5572666666666667,1.0,1,0,0
060610,2016.0,0.5461555555555556,1.0,1,0,0
060611,2016.0,0.5504888888888889,1.0,1,0,0
060612,2016.0,0.539,1.0,1,0,0
060613,2016.0,0.5177333333333334,1.0,1,0,0
060614,2016.0,0.5976380952380954,1.0,1,0,0
060615,2016.0,0.5810666666666666,1.0,1,0,0
060701,2016.0,0.6331333333333333,1.0,1,1,0
060702,2016.0,0.5476666666666667,1.0,1,0,0
060703,2016.0,0.5714000000000001,1.0,1,0,0
060801,2016.0,0.6649333333333336,1.0,1,1,1
060802,2016.0,0.5505333333333334,1.0,1,0,0
060803,2016.0,0.5755999999999999,1.0,1,0,0
060804,2016.0,0.559,1.0,1,0,0
060805,2016.0,0.5251555555555556,1.0,1,0,0
060806,2016.0,0.6116,1.0,1,1,0
060807,2016.0,0.5488222222222221,1.0,1,0,0
060808,2016.0,0.5288999999999998,1.0,1,0,0
060809,2016.0,0.5508,1.0,1,0,0
060810,2016.0,0.523888888888889,1.0,1,0,0
060811,2016.0,0.49913333333333326,0.0,0,0,0
060812,2016.0,0.5768,1.0,1,0,0
060901,2016.0,0.5999142857142857,1.0,1,0,0
060902,2016.0,0.5364666666666666,1.0,1,0,0
060903,2016.0,0.56,1.0,1,0,0
060904,2016.0,0.5613333333333332,1.0,1,0,0
060905,2016.0,0.5597333333333333,1.0,1,0,0
060906,2016.0,0.5249714285714285,1.0,1,0,0
060907,2016.0,0.5547333333333333,1.0,1,0,0
061001,2016.0,0.6313333333333335,1.0,1,1,0
061002,2016.0,0.6455333333333334,1.0,1,1,0
061003,2016.0,0.6076666666666666,1.0,1,1,0
061004,2016.0,0.5850666666666667,1.0,1,0,0
061005,2016.0,0.5840222222222221,1.0,1,0,0
061006,2016.0,0.5142666666666666,1.0,1,0,0
061007,2016.0,0.5577666666666666,1.0,1,0,0
061101,2016.0,0.6081050505050505,1.0,1,1,0
061102,2016.0,0.573511111111111,1.0,1,0,0
061103,2016.0,0.5421333333333334,1.0,1,0,0
061104,2016.0,0.5599666666666667,1.0,1,0,0
061105,2016.0,0.5444,1.0,1,0,0
061106,2016.0,0.5609333333333333,1.0,1,0,0
061108,2016.0,0.5439428571428571,1.0,1,0,0
061109,2016.0,0.6052,1.0,1,1,0
061110,2016.0,0.5575333333333333,1.0,1,0,0
061111,2016.0,0.5680666666666666,1.0,1,0,0
061113,2016.0,0.5762666666666667,1.0,1,0,0
061201,2016.0,0.5632,1.0,1,0,0
061202,2016.0,0.5272444444444443,1.0,1,0,0
061203,2016.0,0.5484666666666667,1.0,1,0,0
061204,2016.0,0.6128761904761905,1.0,1,1,0
061301,2016.0,0.643965367965368,1.0,1,1,0
061302,2016.0,0.5053333333333334,1.0,1,0,0
061303,2016.0,0.6294,1.0,1,1,0
061304,2016.0,0.6125333333333333,1.0,1,1,0
061305,2016.0,0.5994666666666666,1.0,1,0,0
061306,2016.0,0.5718,1.0,1,0,0
061307,2016.0,0.6093714285714287,1.0,1,1,0
061308,2016.0,0.5277333333333334,1.0,1,0,0
061309,2016.0,0.5860222222222221,1.0,1,0,0
061310,2016.0,0.5661333333333334,1.0,1,0,0
061311,2016.0,0.5907428571428571,1.0,1,0,0
070101,2016.0,0.5948857142857142,1.0,1,0,0
070102,2016.0,0.7401666666666668,1.0,1,1,1
070103,2016.0,0.5844047619047621,1.0,1,0,0
070104,2016.0,0.6051000000000001,1.0,1,1,0
070105,2016.0,0.5128047619047619,1.0,1,0,0
070106,2016.0,0.6310523809523809,1.0,1,1,0
080101,2016.0,0.6434523809523809,1.0,1,1,0
080102,2016.0,0.61,1.0,1,1,0
080103,2016.0,0.6170000000000001,1.0,1,1,0
080104,2016.0,0.6024,1.0,1,1,0
080105,2016.0,0.6898809523809523,1.0,1,1,1
080106,2016.0,0.6036333333333334,1.0,1,1,0
080107,2016.0,0.6439333333333332,1.0,1,1,0
080108,2016.0,0.6467333333333334,1.0,1,1,0
080201,2016.0,0.5323333333333332,1.0,1,0,0
080202,2016.0,0.5056666666666666,1.0,1,0,0
080203,2016.0,0.5203555555555556,1.0,1,0,0
080204,2016.0,0.5334,1.0,1,0,0
080205,2016.0,0.5177999999999999,1.0,1,0,0
080206,2016.0,0.5941333333333333,1.0,1,0,0
080207,2016.0,0.5538,1.0,1,0,0
080301,2016.0,0.5756666666666667,1.0,1,0,0
080302,2016.0,0.6305111111111111,1.0,1,1,0
080303,2016.0,0.6611333333333335,1.0,1,1,0
080304,2016.0,0.5326,1.0,1,0,0
080305,2016.0,0.48988888888888893,0.0,0,0,0
080306,2016.0,0.6075333333333334,1.0,1,1,0
080307,2016.0,0.5898000000000002,1.0,1,0,0
080308,2016.0,0.5909555555555557,1.0,1,0,0
080309,2016.0,0.6155487179487179,1.0,1,1,0
080401,2016.0,0.6514190476190477,1.0,1,1,0
080402,2016.0,0.5668,1.0,1,0,0
080403,2016.0,0.5309333333333334,1.0,1,0,0
080404,2016.0,0.5795999999999999,1.0,1,0,0
080405,2016.0,0.6174333333333333,1.0,1,1,0
080406,2016.0,0.5781333333333333,1.0,1,0,0
080407,2016.0,0.5464666666666667,1.0,1,0,0
080408,2016.0,0.5545333333333334,1.0,1,0,0
080501,2016.0,0.5624857142857143,1.0,1,0,0
080502,2016.0,0.493,0.0,0,0,0
080503,2016.0,0.5461333333333334,1.0,1,0,0
080504,2016.0,0.5416666666666667,1.0,1,0,0
080505,2016.0,0.5241809523809524,1.0,1,0,0
080506,2016.0,0.5985999999999999,1.0,1,0,0
080507,2016.0,0.5440666666666666,1.0,1,0,0
080508,2016.0,0.4749333333333333,0.0,0,0,0
080601,2016.0,0.589525396825397,1.0,1,0,0
080602,2016.0,0.5694,1.0,1,0,0
080603,2016.0,0.6033142857142858,1.0,1,1,0
080604,2016.0,0.6014606060606063,1.0,1,1,0
080605,2016.0,0.533,1.0,1,0,0
080606,2016.0,0.5747142857142856,1.0,1,0,0
080607,2016.0,0.5714666666666667,1.0,1,0,0
080608,2016.0,0.5740476190476191,1.0,1,0,0
080701,2016.0,0.6132666666666667,1.0,1,1,0
080702,2016.0,0.5294333333333334,1.0,1,0,0
080703,2016.0,0.5780666666666667,1.0,1,0,0
080704,2016.0,0.5399555555555555,1.0,1,0,0
080705,2016.0,0.5171333333333333,1.0,1,0,0
080706,2016.0,0.5434666666666667,1.0,1,0,0
080707,2016.0,0.5825555555555556,1.0,1,0,0
080708,2016.0,0.544047619047619,1.0,1,0,0
080801,2016.0,0.5467587301587301,1.0,1,0,0
080802,2016.0,0.4862380952380952,0.0,0,0,0
080803,2016.0,0.5752666666666667,1.0,1,0,0
080804,2016.0,0.5534000000000001,1.0,1,0,0
080805,2016.0,0.6422190476190476,1.0,1,1,0
080806,2016.0,0.5744666666666667,1.0,1,0,0
080807,2016.0,0.576,1.0,1,0,0
080808,2016.0,0.5723333333333332,1.0,1,0,0
080901,2016.0,0.5812761904761904,1.0,1,0,0
080902,2016.0,0.552104761904762,1.0,1,0,0
080903,2016.0,0.6185047619047619,1.0,1,1,0
080904,2016.0,0.576552380952381,1.0,1,0,0
080905,2016.0,0.519,1.0,1,0,0
080906,2016.0,0.5819333333333333,1.0,1,0,0
080907,2016.0,0.49213333333333337,0.0,0,0,0
080908,2016.0,0.5601333333333335,1.0,1,0,0
080909,2016.0,0.5917333333333333,1.0,1,0,0
080910,2016.0,0.6266666666666667,1.0,1,1,0
081001,2016.0,0.5638666666666666,1.0,1,0,0
081002,2016.0,0.5511333333333334,1.0,1,0,0
081003,2016.0,0.5564666666666666,1.0,1,0,0
081004,2016.0,0.5714666666666666,1.0,1,0,0
081005,2016.0,0.548,1.0,1,0,0
081006,2016.0,0.5156153846153846,1.0,1,0,0
081007,2016.0,0.5594666666666667,1.0,1,0,0
081008,2016.0,0.643552380952381,1.0,1,1,0
081009,2016.0,0.5504666666666667,1.0,1,0,0
081101,2016.0,0.5577333333333333,1.0,1,0,0
081102,2016.0,0.6267111111111112,1.0,1,1,0
081103,2016.0,0.5591333333333334,1.0,1,0,0
081104,2016.0,0.5185142857142857,1.0,1,0,0
081105,2016.0,0.5459333333333334,1.0,1,0,0
081106,2016.0,0.5687333333333333,1.0,1,0,0
081201,2016.0,0.5692571428571429,1.0,1,0,0
081202,2016.0,0.5960666666666667,1.0,1,0,0
081203,2016.0,0.5601333333333335,1.0,1,0,0
081204,2016.0,0.5606,1.0,1,0,0
081205,2016.0,0.5808,1.0,1,0,0
081206,2016.0,0.5594666666666667,1.0,1,0,0
081207,2016.0,0.6191714285714286,1.0,1,1,0
081208,2016.0,0.5978666666666667,1.0,1,0,0
081209,2016.0,0.5945999999999999,1.0,1,0,0
081210,2016.0,0.5664,1.0,1,0,0
081211,2016.0,0.5636523809523809,1.0,1,0,0
081212,2016.0,0.6019714285714286,1.0,1,1,0
081301,2016.0,0.6227428571428573,1.0,1,1,0
081302,2016.0,0.6833142857142857,1.0,1,1,1
081303,2016.0,0.6188666666666667,1.0,1,1,0
081304,2016.0,0.6654,1.0,1,1,1
081305,2016.0,0.619504761904762,1.0,1,1,0
081306,2016.0,0.6940000000000001,1.0,1,1,1
081307,2016.0,0.5954666666666668,1.0,1,0,0
090101,2016.0,0.5357523809523809,1.0,1,0,0
090102,2016.0,0.5777333333333333,1.0,1,0,0
090103,2016.0,0.5267809523809525,1.0,1,0,0
090104,2016.0,0.5811333333333332,1.0,1,0,0
090105,2016.0,0.5841999999999999,1.0,1,0,0
090106,2016.0,0.5893333333333333,1.0,1,0,0
090107,2016.0,0.5413999999999999,1.0,1,0,0
090108,2016.0,0.603,1.0,1,1,0
090109,2016.0,0.5264,1.0,1,0,0
090110,2016.0,0.5728222222222221,1.0,1,0,0
090111,2016.0,0.5508222222222221,1.0,1,0,0
090112,2016.0,0.6759714285714286,1.0,1,1,1
090113,2016.0,0.5734666666666667,1.0,1,0,0
090114,2016.0,0.5764666666666666,1.0,1,0,0
090115,2016.0,0.4789555555555556,0.0,0,0,0
090116,2016.0,0.5923999999999999,1.0,1,0,0
090117,2016.0,0.5806809523809525,1.0,1,0,0
090118,2016.0,0.6007748917748916,1.0,1,1,0
090119,2016.0,0.5473333333333333,1.0,1,0,0
090201,2016.0,0.47646666666666676,0.0,0,0,0
090202,2016.0,0.4871333333333333,0.0,0,0,0
090203,2016.0,0.5273333333333332,1.0,1,0,0
090204,2016.0,0.5552666666666667,1.0,1,0,0
090205,2016.0,0.5023555555555556,1.0,1,0,0
090206,2016.0,0.5361333333333334,1.0,1,0,0
090207,2016.0,0.5521333333333334,1.0,1,0,0
090208,2016.0,0.5027487179487179,1.0,1,0,0
090301,2016.0,0.5639000000000001,1.0,1,0,0
090302,2016.0,0.5145555555555555,1.0,1,0,0
090303,2016.0,0.6149333333333332,1.0,1,1,0
090304,2016.0,0.5628,1.0,1,0,0
090305,2016.0,0.5371333333333334,1.0,1,0,0
090306,2016.0,0.5455999999999999,1.0,1,0,0
090307,2016.0,0.5841333333333332,1.0,1,0,0
090308,2016.0,0.5596888888888889,1.0,1,0,0
090309,2016.0,0.5357999999999999,1.0,1,0,0
090310,2016.0,0.5321333333333333,1.0,1,0,0
090311,2016.0,0.5113333333333333,1.0,1,0,0
090312,2016.0,0.5679333333333334,1.0,1,0,0
090401,2016.0,0.6657619047619048,1.0,1,1,1
090402,2016.0,0.5076,1.0,1,0,0
090403,2016.0,0.5816666666666667,1.0,1,0,0
090404,2016.0,0.5086666666666666,1.0,1,0,0
090405,2016.0,0.6068,1.0,1,1,0
090406,2016.0,0.599,1.0,1,0,0
090407,2016.0,0.5468,1.0,1,0,0
090408,2016.0,0.5735999999999999,1.0,1,0,0
090409,2016.0,0.5972222222222222,1.0,1,0,0
090410,2016.0,0.6029333333333333,1.0,1,1,0
090411,2016.0,0.5726666666666667,1.0,1,0,0
090412,2016.0,0.5570222222222221,1.0,1,0,0
090413,2016.0,0.6130380952380952,1.0,1,1,0
090501,2016.0,0.5122000000000001,1.0,1,0,0
090502,2016.0,0.5301333333333332,1.0,1,0,0
090503,2016.0,0.5127999999999999,1.0,1,0,0
090504,2016.0,0.4792,0.0,0,0,0
090505,2016.0,0.5287999999999999,1.0,1,0,0
090506,2016.0,0.5530666666666666,1.0,1,0,0
090507,2016.0,0.4734,0.0,0,0,0
090508,2016.0,0.567,1.0,1,0,0
090509,2016.0,0.6044666666666666,1.0,1,1,0
090510,2016.0,0.4818,0.0,0,0,0
090511,2016.0,0.6507999999999999,1.0,1,1,0
090601,2016.0,0.5935333333333334,1.0,1,0,0
090602,2016.0,0.5702666666666667,1.0,1,0,0
090604,2016.0,0.5101333333333333,1.0,1,0,0
090605,2016.0,0.5768,1.0,1,0,0
090606,2016.0,0.5420666666666666,1.0,1,0,0
090607,2016.0,0.6077047619047619,1.0,1,1,0
090608,2016.0,0.5527333333333331,1.0,1,0,0
090609,2016.0,0.5387555555555555,1.0,1,0,0
090610,2016.0,0.5913333333333333,1.0,1,0,0
090611,2016.0,0.5367333333333334,1.0,1,0,0
090612,2016.0,0.5678,1.0,1,0,0
090613,2016.0,0.614111111111111,1.0,1,1,0
090614,2016.0,0.6209809523809524,1.0,1,1,0
090615,2016.0,0.5797333333333333,1.0,1,0,0
090616,2016.0,0.5949809523809523,1.0,1,0,0
090701,2016.0,0.544652380952381,1.0,1,0,0
090702,2016.0,0.5833333333333333,1.0,1,0,0
090703,2016.0,0.6042444444444444,1.0,1,1,0
090704,2016.0,0.5205555555555557,1.0,1,0,0
090705,2016.0,0.6095000000000002,1.0,1,1,0
090706,2016.0,0.6381999999999999,1.0,1,1,0
090707,2016.0,0.5713333333333332,1.0,1,0,0
090709,2016.0,0.5692153846153847,1.0,1,0,0
090710,2016.0,0.5068761904761905,1.0,1,0,0
090711,2016.0,0.5144,1.0,1,0,0
090713,2016.0,0.6167999999999999,1.0,1,1,0
090714,2016.0,0.5356761904761905,1.0,1,0,0
090715,2016.0,0.5933333333333333,1.0,1,0,0
090716,2016.0,0.5254,1.0,1,0,0
090717,2016.0,0.5970809523809524,1.0,1,0,0
090718,2016.0,0.5442153846153845,1.0,1,0,0
100101,2016.0,0.6237333333333335,1.0,1,1,0
100102,2016.0,0.6483777777777779,1.0,1,1,0
100103,2016.0,0.5438666666666667,1.0,1,0,0
100104,2016.0,0.5730666666666666,1.0,1,0,0
100105,2016.0,0.5126666666666667,1.0,1,0,0
100106,2016.0,0.5490666666666666,1.0,1,0,0
100107,2016.0,0.5702666666666667,1.0,1,0,0
100108,2016.0,0.5156000000000001,1.0,1,0,0
100109,2016.0,0.5808666666666665,1.0,1,0,0
100110,2016.0,0.5259666666666667,1.0,1,0,0
100111,2016.0,0.606,1.0,1,1,0
100112,2016.0,0.6494666666666666,1.0,1,1,0
100201,2016.0,0.5868380952380953,1.0,1,0,0
100202,2016.0,0.5498888888888889,1.0,1,0,0
100203,2016.0,0.5656666666666667,1.0,1,0,0
100204,2016.0,0.5094666666666666,1.0,1,0,0
100205,2016.0,0.5351555555555555,1.0,1,0,0
100206,2016.0,0.6034222222222222,1.0,1,1,0
100207,2016.0,0.487,0.0,0,0,0
100208,2016.0,0.5398666666666667,1.0,1,0,0
100301,2016.0,0.5667333333333333,1.0,1,0,0
100307,2016.0,0.5028,1.0,1,0,0
100311,2016.0,0.5355555555555556,1.0,1,0,0
100313,2016.0,0.5411333333333334,1.0,1,0,0
100316,2016.0,0.4948,0.0,0,0,0
100317,2016.0,0.5175555555555557,1.0,1,0,0
100321,2016.0,0.5809333333333333,1.0,1,0,0
100322,2016.0,0.5639333333333333,1.0,1,0,0
100323,2016.0,0.5367999999999999,1.0,1,0,0
100401,2016.0,0.5612000000000001,1.0,1,0,0
100402,2016.0,0.5949333333333333,1.0,1,0,0
100403,2016.0,0.5576,1.0,1,0,0
100404,2016.0,0.5860222222222222,1.0,1,0,0
100501,2016.0,0.5953999999999999,1.0,1,0,0
100502,2016.0,0.5498666666666666,1.0,1,0,0
100503,2016.0,0.5944666666666667,1.0,1,0,0
100504,2016.0,0.5307999999999999,1.0,1,0,0
100505,2016.0,0.52,1.0,1,0,0
100506,2016.0,0.5273333333333332,1.0,1,0,0
100507,2016.0,0.6261666666666666,1.0,1,1,0
100508,2016.0,0.5963999999999999,1.0,1,0,0
100509,2016.0,0.48193333333333327,0.0,0,0,0
100510,2016.0,0.5183555555555556,1.0,1,0,0
100511,2016.0,0.44948888888888894,0.0,0,0,0
100601,2016.0,0.6096666666666667,1.0,1,1,0
100602,2016.0,0.6150666666666667,1.0,1,1,0
100603,2016.0,0.5719333333333334,1.0,1,0,0
100604,2016.0,0.6679714285714285,1.0,1,1,1
100605,2016.0,0.6661,1.0,1,1,1
100606,2016.0,0.5216,1.0,1,0,0
100701,2016.0,0.4748476190476191,0.0,0,0,0
100702,2016.0,0.5289333333333334,1.0,1,0,0
100703,2016.0,0.5199333333333334,1.0,1,0,0
100801,2016.0,0.5328666666666666,1.0,1,0,0
100802,2016.0,0.5515142857142857,1.0,1,0,0
100803,2016.0,0.522,1.0,1,0,0
100804,2016.0,0.5424666666666667,1.0,1,0,0
100901,2016.0,0.6361,1.0,1,1,0
100902,2016.0,0.5192380952380952,1.0,1,0,0
100903,2016.0,0.5384666666666666,1.0,1,0,0
100904,2016.0,0.5086984126984128,1.0,1,0,0
100905,2016.0,0.5691333333333334,1.0,1,0,0
101001,2016.0,0.5626666666666668,1.0,1,0,0
101002,2016.0,0.5203333333333332,1.0,1,0,0
101003,2016.0,0.5078,1.0,1,0,0
101004,2016.0,0.5683555555555556,1.0,1,0,0
101005,2016.0,0.5568,1.0,1,0,0
101006,2016.0,0.5614666666666666,1.0,1,0,0
101007,2016.0,0.5347487179487179,1.0,1,0,0
101101,2016.0,0.48115555555555556,0.0,0,0,0
101102,2016.0,0.49666666666666665,0.0,0,0,0
101103,2016.0,0.5493333333333332,1.0,1,0,0
101104,2016.0,0.5754888888888888,1.0,1,0,0
101105,2016.0,0.551047619047619,1.0,1,0,0
101106,2016.0,0.5187555555555556,1.0,1,0,0
101107,2016.0,0.5421333333333332,1.0,1,0,0
101108,2016.0,0.5133333333333334,1.0,1,0,0
110101,2016.0,0.6146142857142858,1.0,1,1,0
110102,2016.0,0.657404761904762,1.0,1,1,0
110103,2016.0,0.6663142857142857,1.0,1,1,1
110104,2016.0,0.6424666666666669,1.0,1,1,0
110105,2016.0,0.5757050505050504,1.0,1,0,0
110106,2016.0,0.6930380952380952,1.0,1,1,1
110107,2016.0,0.5990523809523809,1.0,1,0,0
110108,2016.0,0.6085857142857143,1.0,1,1,0
110109,2016.0,0.6426000000000001,1.0,1,1,0
110110,2016.0,0.6227630036630036,1.0,1,1,0
110111,2016.0,0.6865000000000001,1.0,1,1,1
110112,2016.0,0.6946666666666668,1.0,1,1,1
110113,2016.0,0.6149253968253968,1.0,1,1,0
110114,2016.0,0.5997333333333333,1.0,1,0,0
110201,2016.0,0.6099492063492066,1.0,1,1,0
110202,2016.0,0.6073523809523811,1.0,1,1,0
110203,2016.0,0.5266000000000001,1.0,1,0,0
110204,2016.0,0.6238619047619048,1.0,1,1,0
110205,2016.0,0.6761777777777778,1.0,1,1,1
110206,2016.0,0.6431333333333333,1.0,1,1,0
110207,2016.0,0.656104761904762,1.0,1,1,0
110208,2016.0,0.6008,1.0,1,1,0
110209,2016.0,0.5640888888888889,1.0,1,0,0
110210,2016.0,0.6450666666666667,1.0,1,1,0
110211,2016.0,0.5360142857142858,1.0,1,0,0
110301,2016.0,0.662511111111111,1.0,1,1,0
110302,2016.0,0.6154666666666667,1.0,1,1,0
110303,2016.0,0.6116000000000001,1.0,1,1,0
110304,2016.0,0.6232666666666665,1.0,1,1,0
110305,2016.0,0.6649111111111111,1.0,1,1,1
110401,2016.0,0.5952666666666667,1.0,1,0,0
110402,2016.0,0.6347111111111111,1.0,1,1,0
110403,2016.0,0.5885333333333334,1.0,1,0,0
110404,2016.0,0.5675999999999999,1.0,1,0,0
110405,2016.0,0.5683333333333332,1.0,1,0,0
110501,2016.0,0.6616809523809524,1.0,1,1,0
110502,2016.0,0.5635333333333333,1.0,1,0,0
110503,2016.0,0.6346,1.0,1,1,0
110504,2016.0,0.6084666666666667,1.0,1,1,0
110505,2016.0,0.6478,1.0,1,1,0
110506,2016.0,0.6602285714285715,1.0,1,1,0
110507,2016.0,0.6485142857142856,1.0,1,1,0
110508,2016.0,0.6586153846153847,1.0,1,1,0
120101,2016.0,0.6724999999999999,1.0,1,1,1
120104,2016.0,0.5564666666666667,1.0,1,0,0
120105,2016.0,0.5813333333333333,1.0,1,0,0
120106,2016.0,0.5173333333333333,1.0,1,0,0
120107,2016.0,0.6715333333333334,1.0,1,1,1
120108,2016.0,0.646152380952381,1.0,1,1,0
120111,2016.0,0.6271333333333332,1.0,1,1,0
120112,2016.0,0.5893333333333333,1.0,1,0,0
120113,2016.0,0.526,1.0,1,0,0
120114,2016.0,0.6810987012987012,1.0,1,1,1
120116,2016.0,0.609,1.0,1,1,0
120117,2016.0,0.6037666666666667,1.0,1,1,0
120119,2016.0,0.6216825396825396,1.0,1,1,0
120120,2016.0,0.644,1.0,1,1,0
120121,2016.0,0.6307492063492064,1.0,1,1,0
120122,2016.0,0.5684666666666667,1.0,1,0,0
120124,2016.0,0.5190666666666666,1.0,1,0,0
120125,2016.0,0.6096666666666666,1.0,1,1,0
120126,2016.0,0.613,1.0,1,1,0
120127,2016.0,0.6452,1.0,1,1,0
120128,2016.0,0.5494666666666667,1.0,1,0,0
120129,2016.0,0.6227047619047619,1.0,1,1,0
120130,2016.0,0.6317047619047619,1.0,1,1,0
120132,2016.0,0.5670666666666667,1.0,1,0,0
120133,2016.0,0.6803047619047619,1.0,1,1,1
120134,2016.0,0.6202888888888889,1.0,1,1,0
120135,2016.0,0.584,1.0,1,0,0
120136,2016.0,0.5968571428571429,1.0,1,0,0
120201,2016.0,0.6723999999999999,1.0,1,1,1
120202,2016.0,0.49043333333333333,0.0,0,0,0
120203,2016.0,0.5254666666666667,1.0,1,0,0
120204,2016.0,0.5384666666666665,1.0,1,0,0
120205,2016.0,0.5591333333333334,1.0,1,0,0
120206,2016.0,0.6206380952380952,1.0,1,1,0
120207,2016.0,0.44559999999999994,0.0,0,0,0
120208,2016.0,0.5633333333333332,1.0,1,0,0
120209,2016.0,0.5852666666666666,1.0,1,0,0
120210,2016.0,0.6295666666666668,1.0,1,1,0
120211,2016.0,0.5930666666666667,1.0,1,0,0
120212,2016.0,0.6134000000000001,1.0,1,1,0
120213,2016.0,0.6522444444444445,1.0,1,1,0
120214,2016.0,0.5543555555555556,1.0,1,0,0
120215,2016.0,0.6238,1.0,1,1,0
120301,2016.0,0.6701333333333336,1.0,1,1,1
120302,2016.0,0.5766666666666668,1.0,1,0,0
120303,2016.0,0.648148717948718,1.0,1,1,0
120304,2016.0,0.6267047619047619,1.0,1,1,0
120305,2016.0,0.6237666666666667,1.0,1,1,0
120306,2016.0,0.6199333333333334,1.0,1,1,0
120401,2016.0,0.6798,1.0,1,1,1
120402,2016.0,0.5946666666666667,1.0,1,0,0
120403,2016.0,0.6144,1.0,1,1,0
120404,2016.0,0.5817,1.0,1,0,0
120405,2016.0,0.6075968253968254,1.0,1,1,0
120406,2016.0,0.5102666666666666,1.0,1,0,0
120407,2016.0,0.6002666666666667,1.0,1,1,0
120408,2016.0,0.5455333333333333,1.0,1,0,0
120409,2016.0,0.6436666666666667,1.0,1,1,0
120410,2016.0,0.5901333333333333,1.0,1,0,0
120411,2016.0,0.5906888888888888,1.0,1,0,0
120412,2016.0,0.6536666666666666,1.0,1,1,0
120413,2016.0,0.5964380952380952,1.0,1,0,0
120414,2016.0,0.6,1.0,1,0,0
120415,2016.0,0.5854666666666667,1.0,1,0,0
120416,2016.0,0.5741999999999998,1.0,1,0,0
120417,2016.0,0.5317999999999999,1.0,1,0,0
120418,2016.0,0.5685,1.0,1,0,0
120419,2016.0,0.6352190476190475,1.0,1,1,0
120420,2016.0,0.5296666666666667,1.0,1,0,0
120421,2016.0,0.5581333333333333,1.0,1,0,0
120422,2016.0,0.6112666666666666,1.0,1,1,0
120423,2016.0,0.5525999999999999,1.0,1,0,0
120424,2016.0,0.5744,1.0,1,0,0
120425,2016.0,0.5493333333333333,1.0,1,0,0
120426,2016.0,0.5426666666666666,1.0,1,0,0
120427,2016.0,0.5532666666666666,1.0,1,0,0
120428,2016.0,0.6112666666666667,1.0,1,1,0
120429,2016.0,0.5917333333333333,1.0,1,0,0
120430,2016.0,0.6037333333333332,1.0,1,1,0
120431,2016.0,0.5734666666666667,1.0,1,0,0
120432,2016.0,0.5417333333333334,1.0,1,0,0
120433,2016.0,0.6109666666666668,1.0,1,1,0
120434,2016.0,0.5945333333333335,1.0,1,0,0
120501,2016.0,0.6191333333333333,1.0,1,1,0
120502,2016.0,0.6174,1.0,1,1,0
120503,2016.0,0.6129333333333334,1.0,1,1,0
120504,2016.0,0.6134380952380951,1.0,1,1,0
120601,2016.0,0.6184,1.0,1,1,0
120602,2016.0,0.6108666666666668,1.0,1,1,0
120603,2016.0,0.6131333333333333,1.0,1,1,0
120604,2016.0,0.6605333333333333,1.0,1,1,0
120605,2016.0,0.5914666666666667,1.0,1,0,0
120606,2016.0,0.6105333333333334,1.0,1,1,0
120607,2016.0,0.6335142857142858,1.0,1,1,0
120608,2016.0,0.5482000000000001,1.0,1,0,0
120701,2016.0,0.6757444444444446,1.0,1,1,1
120702,2016.0,0.6303380952380953,1.0,1,1,0
120703,2016.0,0.6491333333333333,1.0,1,1,0
120704,2016.0,0.598457142857143,1.0,1,0,0
120705,2016.0,0.6381904761904762,1.0,1,1,0
120706,2016.0,0.6465333333333334,1.0,1,1,0
120707,2016.0,0.6623653679653682,1.0,1,1,0
120708,2016.0,0.5843666666666667,1.0,1,0,0
120709,2016.0,0.540548717948718,1.0,1,0,0
120801,2016.0,0.5942238095238097,1.0,1,0,0
120802,2016.0,0.5351555555555556,1.0,1,0,0
120803,2016.0,0.6661333333333335,1.0,1,1,1
120804,2016.0,0.5016,1.0,1,0,0
120805,2016.0,0.6778000000000001,1.0,1,1,1
120806,2016.0,0.6031476190476189,1.0,1,1,0
120807,2016.0,0.6727333333333335,1.0,1,1,1
120808,2016.0,0.5895969696969697,1.0,1,0,0
120809,2016.0,0.6181333333333333,1.0,1,1,0
120810,2016.0,0.6336380952380952,1.0,1,1,0
120901,2016.0,0.6885777777777778,1.0,1,1,1
120902,2016.0,0.5651000000000002,1.0,1,0,0
120903,2016.0,0.5610714285714286,1.0,1,0,0
120904,2016.0,0.6478,1.0,1,1,0
120905,2016.0,0.6516666666666666,1.0,1,1,0
120906,2016.0,0.5914,1.0,1,0,0
120907,2016.0,0.5394650793650794,1.0,1,0,0
120908,2016.0,0.5873999999999999,1.0,1,0,0
120909,2016.0,0.5413666666666667,1.0,1,0,0
130101,2016.0,0.6643,1.0,1,1,1
130102,2016.0,0.6881666666666667,1.0,1,1,1
130103,2016.0,0.6149666666666667,1.0,1,1,0
130104,2016.0,0.6889333333333333,1.0,1,1,1
130105,2016.0,0.7221333333333333,1.0,1,1,1
130106,2016.0,0.6646,1.0,1,1,1
130107,2016.0,0.6719666666666667,1.0,1,1,1
130108,2016.0,0.5953333333333334,1.0,1,0,0
130109,2016.0,0.637709523809524,1.0,1,1,0
130110,2016.0,0.6350000000000001,1.0,1,1,0
130111,2016.0,0.6674666666666667,1.0,1,1,1
130201,2016.0,0.582,1.0,1,0,0
130202,2016.0,0.5977047619047618,1.0,1,0,0
130203,2016.0,0.610149494949495,1.0,1,1,0
130204,2016.0,0.6226,1.0,1,1,0
130205,2016.0,0.6367095238095237,1.0,1,1,0
130206,2016.0,0.5851666666666666,1.0,1,0,0
130207,2016.0,0.6811825396825397,1.0,1,1,1
130208,2016.0,0.6572190476190477,1.0,1,1,0
130301,2016.0,0.6184,1.0,1,1,0
130302,2016.0,0.5336222222222222,1.0,1,0,0
130303,2016.0,0.6108,1.0,1,1,0
130304,2016.0,0.6093047619047619,1.0,1,1,0
130305,2016.0,0.5708444444444445,1.0,1,0,0
130306,2016.0,0.5894333333333334,1.0,1,0,0
130401,2016.0,0.6366539682539682,1.0,1,1,0
130402,2016.0,0.6376000000000002,1.0,1,1,0
130403,2016.0,0.6133428571428572,1.0,1,1,0
130501,2016.0,0.5722555555555556,1.0,1,0,0
130502,2016.0,0.49323809523809525,0.0,0,0,0
130503,2016.0,0.5137333333333334,1.0,1,0,0
130504,2016.0,0.5544380952380952,1.0,1,0,0
130601,2016.0,0.5949047619047618,1.0,1,0,0
130602,2016.0,0.5769333333333334,1.0,1,0,0
130604,2016.0,0.5196000000000001,1.0,1,0,0
130605,2016.0,0.5653636363636363,1.0,1,0,0
130606,2016.0,0.5573333333333332,1.0,1,0,0
130608,2016.0,0.5711333333333333,1.0,1,0,0
130610,2016.0,0.5535999999999999,1.0,1,0,0
130611,2016.0,0.5760380952380951,1.0,1,0,0
130613,2016.0,0.547,1.0,1,0,0
130614,2016.0,0.5714666666666667,1.0,1,0,0
130701,2016.0,0.6144714285714287,1.0,1,1,0
130702,2016.0,0.6605666666666667,1.0,1,1,0
130703,2016.0,0.6411380952380952,1.0,1,1,0
130704,2016.0,0.6582666666666667,1.0,1,1,0
130705,2016.0,0.6061,1.0,1,1,0
130801,2016.0,0.5663047619047619,1.0,1,0,0
130802,2016.0,0.5455999999999999,1.0,1,0,0
130803,2016.0,0.5271333333333332,1.0,1,0,0
130804,2016.0,0.5786,1.0,1,0,0
130805,2016.0,0.5901333333333333,1.0,1,0,0
130806,2016.0,0.5147999999999999,1.0,1,0,0
130807,2016.0,0.5947777777777778,1.0,1,0,0
130808,2016.0,0.5824666666666667,1.0,1,0,0
130809,2016.0,0.5492666666666667,1.0,1,0,0
130810,2016.0,0.5868,1.0,1,0,0
130811,2016.0,0.5466333333333333,1.0,1,0,0
130812,2016.0,0.5917333333333333,1.0,1,0,0
130813,2016.0,0.5186,1.0,1,0,0
130901,2016.0,0.6129333333333333,1.0,1,1,0
130902,2016.0,0.5716,1.0,1,0,0
130903,2016.0,0.5627333333333333,1.0,1,0,0
130904,2016.0,0.5094222222222222,1.0,1,0,0
130905,2016.0,0.5365714285714286,1.0,1,0,0
130906,2016.0,0.47873333333333334,0.0,0,0,0
130907,2016.0,0.586,1.0,1,0,0
130908,2016.0,0.5876666666666667,1.0,1,0,0
131001,2016.0,0.5504000000000001,1.0,1,0,0
131002,2016.0,0.48833333333333334,0.0,0,0,0
131003,2016.0,0.6044,1.0,1,1,0
131004,2016.0,0.5692222222222222,1.0,1,0,0
131006,2016.0,0.5764666666666667,1.0,1,0,0
131007,2016.0,0.5861333333333332,1.0,1,0,0
131008,2016.0,0.5436666666666666,1.0,1,0,0
131101,2016.0,0.5931936507936508,1.0,1,0,0
131102,2016.0,0.5315296703296702,1.0,1,0,0
131103,2016.0,0.5172666666666667,1.0,1,0,0
131104,2016.0,0.5625333333333332,1.0,1,0,0
131201,2016.0,0.5417666666666667,1.0,1,0,0
131202,2016.0,0.6545333333333335,1.0,1,1,0
131203,2016.0,0.5868000000000001,1.0,1,0,0
140101,2016.0,0.6102000000000002,1.0,1,1,0
140102,2016.0,0.6050666666666666,1.0,1,1,0
140103,2016.0,0.6027666666666667,1.0,1,1,0
140104,2016.0,0.6991333333333334,1.0,1,1,1
140105,2016.0,0.6405047619047619,1.0,1,1,0
140106,2016.0,0.5756714285714287,1.0,1,0,0
140107,2016.0,0.6792717171717173,1.0,1,1,1
140108,2016.0,0.603504761904762,1.0,1,1,0
140109,2016.0,0.5627,1.0,1,0,0
140110,2016.0,0.6349714285714286,1.0,1,1,0
140111,2016.0,0.624565367965368,1.0,1,1,0
140112,2016.0,0.6416666666666668,1.0,1,1,0
140113,2016.0,0.6053206349206348,1.0,1,1,0
140114,2016.0,0.6397999999999999,1.0,1,1,0
140115,2016.0,0.6237333333333335,1.0,1,1,0
140116,2016.0,0.6275333333333333,1.0,1,1,0
140117,2016.0,0.576004761904762,1.0,1,0,0
140118,2016.0,0.6292666666666668,1.0,1,1,0
140119,2016.0,0.6523333333333332,1.0,1,1,0
140120,2016.0,0.5709333333333334,1.0,1,0,0
140201,2016.0,0.6008333333333333,1.0,1,1,0
140202,2016.0,0.5677809523809524,1.0,1,0,0
140203,2016.0,0.5181714285714286,1.0,1,0,0
140204,2016.0,0.5636,1.0,1,0,0
140205,2016.0,0.6408666666666666,1.0,1,1,0
140206,2016.0,0.5822666666666667,1.0,1,0,0
140301,2016.0,0.5527939393939394,1.0,1,0,0
140302,2016.0,0.5382761904761904,1.0,1,0,0
140304,2016.0,0.575927272727273,1.0,1,0,0
140305,2016.0,0.5899047619047619,1.0,1,0,0
140306,2016.0,0.5883666666666666,1.0,1,0,0
140307,2016.0,0.6088666666666667,1.0,1,1,0
140308,2016.0,0.5978666666666667,1.0,1,0,0
140309,2016.0,0.5895047619047619,1.0,1,0,0
140310,2016.0,0.5610333333333333,1.0,1,0,0
140311,2016.0,0.6369999999999999,1.0,1,1,0
140312,2016.0,0.6189272727272727,1.0,1,1,0
150101,2016.0,0.5561190476190477,1.0,1,0,0
150102,2016.0,0.5677000000000001,1.0,1,0,0
150103,2016.0,0.7222,1.0,1,1,1
150104,2016.0,0.5152666666666667,1.0,1,0,0
150105,2016.0,0.6750857142857144,1.0,1,1,1
150106,2016.0,0.6163666666666668,1.0,1,1,0
150107,2016.0,0.5795666666666667,1.0,1,0,0
150108,2016.0,0.7648857142857144,1.0,1,1,1
150109,2016.0,0.5700111111111111,1.0,1,0,0
150110,2016.0,0.6228142857142857,1.0,1,1,0
150111,2016.0,0.6485333333333334,1.0,1,1,0
150112,2016.0,0.6645142857142857,1.0,1,1,1
150113,2016.0,0.5439777777777779,1.0,1,0,0
150114,2016.0,0.536125396825397,1.0,1,0,0
150115,2016.0,0.6720666666666668,1.0,1,1,1
150116,2016.0,0.622457142857143,1.0,1,1,0
150117,2016.0,0.6389666666666667,1.0,1,1,0
150118,2016.0,0.5758333333333335,1.0,1,0,0
150119,2016.0,0.6294571428571432,1.0,1,1,0
150120,2016.0,0.6125428571428573,1.0,1,1,0
150121,2016.0,0.6932333333333334,1.0,1,1,1
150122,2016.0,0.5050920634920635,1.0,1,0,0
150123,2016.0,0.6190714285714287,1.0,1,1,0
150124,2016.0,0.6089142857142859,1.0,1,1,0
150125,2016.0,0.5775285714285717,1.0,1,0,0
150126,2016.0,0.6469523809523811,1.0,1,1,0
150127,2016.0,0.7252000000000001,1.0,1,1,1
150128,2016.0,0.7188666666666667,1.0,1,1,1
150129,2016.0,0.6548857142857144,1.0,1,1,0
150130,2016.0,0.6966000000000001,1.0,1,1,1
150131,2016.0,0.6207428571428573,1.0,1,1,0
150132,2016.0,0.5806000000000001,1.0,1,0,0
150133,2016.0,0.615977777777778,1.0,1,1,0
150134,2016.0,0.5033873015873016,1.0,1,0,0
150135,2016.0,0.5791857142857143,1.0,1,0,0
150136,2016.0,0.534611111111111,1.0,1,0,0
150137,2016.0,0.6178634920634921,1.0,1,1,0
150138,2016.0,0.6238476190476192,1.0,1,1,0
150139,2016.0,0.5985380952380953,1.0,1,0,0
150140,2016.0,0.604,1.0,1,1,0
150141,2016.0,0.5394111111111112,1.0,1,0,0
150142,2016.0,0.6012666666666667,1.0,1,1,0
150143,2016.0,0.701,1.0,1,1,1
150201,2016.0,0.5004809523809524,1.0,1,0,0
150202,2016.0,0.5856190476190476,1.0,1,0,0
150203,2016.0,0.6488158730158731,1.0,1,1,0
150204,2016.0,0.6381238095238095,1.0,1,1,0
150205,2016.0,0.5794000000000001,1.0,1,0,0
150301,2016.0,0.5821492063492063,1.0,1,0,0
150302,2016.0,0.6252222222222222,1.0,1,1,0
150303,2016.0,0.6007333333333333,1.0,1,1,0
150304,2016.0,0.5969555555555556,1.0,1,0,0
150305,2016.0,0.6355999999999999,1.0,1,1,0
150401,2016.0,0.6881939393939395,1.0,1,1,1
150402,2016.0,0.6902666666666668,1.0,1,1,1
150403,2016.0,0.6048,1.0,1,1,0
150404,2016.0,0.6110666666666666,1.0,1,1,0
150405,2016.0,0.6103999999999999,1.0,1,1,0
150406,2016.0,0.6460809523809523,1.0,1,1,0
150407,2016.0,0.6291826839826841,1.0,1,1,0
150501,2016.0,0.5983999999999999,1.0,1,0,0
150502,2016.0,0.6332666666666666,1.0,1,1,0
150503,2016.0,0.6812153846153847,1.0,1,1,1
150504,2016.0,0.6149190476190477,1.0,1,1,0
150505,2016.0,0.6389714285714286,1.0,1,1,0
150506,2016.0,0.6373333333333334,1.0,1,1,0
150507,2016.0,0.6566380952380954,1.0,1,1,0
150508,2016.0,0.6348396825396826,1.0,1,1,0
150509,2016.0,0.6948857142857143,1.0,1,1,1
150510,2016.0,0.612348717948718,1.0,1,1,0
150511,2016.0,0.6404000000000001,1.0,1,1,0
150512,2016.0,0.6222666666666666,1.0,1,1,0
150513,2016.0,0.6269,1.0,1,1,0
150514,2016.0,0.5898444444444444,1.0,1,0,0
150515,2016.0,0.7220333333333334,1.0,1,1,1
150516,2016.0,0.6124666666666667,1.0,1,1,0
150601,2016.0,0.6226,1.0,1,1,0
150602,2016.0,0.5783555555555556,1.0,1,0,0
150603,2016.0,0.6234666666666667,1.0,1,1,0
150604,2016.0,0.5778666666666666,1.0,1,0,0
150605,2016.0,0.6373333333333334,1.0,1,1,0
150606,2016.0,0.5636,1.0,1,0,0
150607,2016.0,0.5786666666666668,1.0,1,0,0
150608,2016.0,0.5258666666666667,1.0,1,0,0
150609,2016.0,0.6096666666666667,1.0,1,1,0
150610,2016.0,0.6041333333333333,1.0,1,1,0
150612,2016.0,0.5733555555555555,1.0,1,0,0
150701,2016.0,0.4621333333333333,0.0,0,0,0
150702,2016.0,0.6461111111111111,1.0,1,1,0
150703,2016.0,0.6020666666666667,1.0,1,1,0
150704,2016.0,0.6131714285714286,1.0,1,1,0
150705,2016.0,0.5644333333333332,1.0,1,0,0
150706,2016.0,0.5876888888888889,1.0,1,0,0
150707,2016.0,0.617504761904762,1.0,1,1,0
150708,2016.0,0.6200857142857141,1.0,1,1,0
150710,2016.0,0.5883999999999999,1.0,1,0,0
150711,2016.0,0.5891333333333331,1.0,1,0,0
150712,2016.0,0.6154666666666666,1.0,1,1,0
150713,2016.0,0.5789333333333333,1.0,1,0,0
150714,2016.0,0.6019,1.0,1,1,0
150715,2016.0,0.6447999999999999,1.0,1,1,0
150716,2016.0,0.6589428571428572,1.0,1,1,0
150717,2016.0,0.6393333333333334,1.0,1,1,0
150718,2016.0,0.6263333333333334,1.0,1,1,0
150719,2016.0,0.6012666666666667,1.0,1,1,0
150720,2016.0,0.5851111111111111,1.0,1,0,0
150721,2016.0,0.5774539682539682,1.0,1,0,0
150722,2016.0,0.6129333333333334,1.0,1,1,0
150723,2016.0,0.6548857142857144,1.0,1,1,0
150724,2016.0,0.6427333333333334,1.0,1,1,0
150725,2016.0,0.5748,1.0,1,0,0
150726,2016.0,0.5709333333333332,1.0,1,0,0
150727,2016.0,0.524104761904762,1.0,1,0,0
150728,2016.0,0.6838666666666667,1.0,1,1,1
150729,2016.0,0.588,1.0,1,0,0
150730,2016.0,0.5817333333333333,1.0,1,0,0
150731,2016.0,0.5974,1.0,1,0,0
150732,2016.0,0.6285333333333334,1.0,1,1,0
150802,2016.0,0.6326666666666666,1.0,1,1,0
150803,2016.0,0.6361333333333334,1.0,1,1,0
150804,2016.0,0.5634666666666667,1.0,1,0,0
150805,2016.0,0.6273333333333334,1.0,1,1,0
150806,2016.0,0.6252714285714286,1.0,1,1,0
150807,2016.0,0.5617142857142855,1.0,1,0,0
150808,2016.0,0.5969333333333332,1.0,1,0,0
150809,2016.0,0.5581333333333334,1.0,1,0,0
150810,2016.0,0.6446666666666667,1.0,1,1,0
150811,2016.0,0.6135303030303032,1.0,1,1,0
150812,2016.0,0.6548,1.0,1,1,0
150901,2016.0,0.6409,1.0,1,1,0
150902,2016.0,0.5400666666666666,1.0,1,0,0
150903,2016.0,0.6311333333333332,1.0,1,1,0
150904,2016.0,0.6519111111111111,1.0,1,1,0
150905,2016.0,0.6287999999999999,1.0,1,1,0
150906,2016.0,0.6673333333333333,1.0,1,1,1
151001,2016.0,0.5912761904761905,1.0,1,0,0
151002,2016.0,0.5465999999999999,1.0,1,0,0
151003,2016.0,0.5474666666666667,1.0,1,0,0
151004,2016.0,0.4919333333333334,0.0,0,0,0
151005,2016.0,0.5690666666666666,1.0,1,0,0
151006,2016.0,0.5943777777777778,1.0,1,0,0
151007,2016.0,0.6413333333333333,1.0,1,1,0
151008,2016.0,0.5913047619047619,1.0,1,0,0
151009,2016.0,0.5755333333333333,1.0,1,0,0
151010,2016.0,0.5783555555555555,1.0,1,0,0
151011,2016.0,0.5982047619047619,1.0,1,0,0
151012,2016.0,0.5267999999999999,1.0,1,0,0
151013,2016.0,0.6021333333333333,1.0,1,1,0
151014,2016.0,0.5642666666666667,1.0,1,0,0
151016,2016.0,0.5625777777777776,1.0,1,0,0
151017,2016.0,0.5261333333333333,1.0,1,0,0
151018,2016.0,0.546,1.0,1,0,0
151019,2016.0,0.592,1.0,1,0,0
151020,2016.0,0.4951333333333333,0.0,0,0,0
151021,2016.0,0.5309999999999999,1.0,1,0,0
151022,2016.0,0.5555999999999999,1.0,1,0,0
151023,2016.0,0.5430666666666666,1.0,1,0,0
151024,2016.0,0.5176,1.0,1,0,0
151025,2016.0,0.6287999999999999,1.0,1,1,0
151026,2016.0,0.6339111111111111,1.0,1,1,0
151027,2016.0,0.5496666666666667,1.0,1,0,0
151028,2016.0,0.682335064935065,1.0,1,1,1
151029,2016.0,0.5721333333333333,1.0,1,0,0
151030,2016.0,0.5093333333333334,1.0,1,0,0
151031,2016.0,0.6102222222222222,1.0,1,1,0
151032,2016.0,0.6388444444444444,1.0,1,1,0
151033,2016.0,0.596,1.0,1,0,0
160101,2016.0,0.6488333333333333,1.0,1,1,0
160102,2016.0,0.564,1.0,1,0,0
160103,2016.0,0.6214666666666667,1.0,1,1,0
160104,2016.0,0.5806333333333333,1.0,1,0,0
160105,2016.0,0.5403999999999999,1.0,1,0,0
160106,2016.0,0.5915487179487179,1.0,1,0,0
160107,2016.0,0.5378153846153846,1.0,1,0,0
160108,2016.0,0.6452,1.0,1,1,0
160109,2016.0,0.7647999999999999,1.0,1,1,1
160110,2016.0,0.524888888888889,1.0,1,0,0
160112,2016.0,0.5362444444444444,1.0,1,0,0
160113,2016.0,0.6143,1.0,1,1,0
160114,2016.0,0.7647999999999999,1.0,1,1,1
160201,2016.0,0.698404761904762,1.0,1,1,1
160202,2016.0,0.522748717948718,1.0,1,0,0
160205,2016.0,0.5698,1.0,1,0,0
160206,2016.0,0.5914333333333334,1.0,1,0,0
160210,2016.0,0.5573333333333332,1.0,1,0,0
160211,2016.0,0.5053333333333333,1.0,1,0,0
160301,2016.0,0.5921714285714286,1.0,1,0,0
160303,2016.0,0.6426380952380951,1.0,1,1,0
160304,2016.0,0.6742666666666667,1.0,1,1,1
160305,2016.0,0.34413333333333335,0.0,0,0,0
160401,2016.0,0.5446333333333333,1.0,1,0,0
160402,2016.0,0.5792,1.0,1,0,0
160403,2016.0,0.4303666666666667,0.0,0,0,0
160404,2016.0,0.5004,1.0,1,0,0
160501,2016.0,0.6141444444444445,1.0,1,1,0
160502,2016.0,0.5602666666666667,1.0,1,0,0
160503,2016.0,0.5315333333333333,1.0,1,0,0
160504,2016.0,0.4918666666666667,0.0,0,0,0
160505,2016.0,0.46479999999999994,0.0,0,0,0
160506,2016.0,0.5101333333333333,1.0,1,0,0
160507,2016.0,0.524,1.0,1,0,0
160508,2016.0,0.5749333333333334,1.0,1,0,0
160509,2016.0,0.5435999999999999,1.0,1,0,0
160510,2016.0,0.6189333333333333,1.0,1,1,0
160511,2016.0,0.6088,1.0,1,1,0
160601,2016.0,0.6336987012987013,1.0,1,1,0
160602,2016.0,0.5459666666666667,1.0,1,0,0
160603,2016.0,0.5319333333333334,1.0,1,0,0
160604,2016.0,0.5248666666666666,1.0,1,0,0
160605,2016.0,0.5468,1.0,1,0,0
160606,2016.0,0.5678666666666665,1.0,1,0,0
160701,2016.0,0.5297999999999999,1.0,1,0,0
160702,2016.0,0.5314666666666665,1.0,1,0,0
160703,2016.0,0.5060444444444445,1.0,1,0,0
160704,2016.0,0.5375999999999999,1.0,1,0,0
160705,2016.0,0.5632,1.0,1,0,0
160706,2016.0,0.5254666666666667,1.0,1,0,0
170101,2016.0,0.6192634920634922,1.0,1,1,0
170102,2016.0,0.651430303030303,1.0,1,1,0
170103,2016.0,0.5996666666666668,1.0,1,0,0
170104,2016.0,0.5379047619047619,1.0,1,0,0
170201,2016.0,0.5426555555555557,1.0,1,0,0
170202,2016.0,0.5207555555555556,1.0,1,0,0
170203,2016.0,0.5256,1.0,1,0,0
170204,2016.0,0.6551333333333333,1.0,1,1,0
170301,2016.0,0.6168857142857143,1.0,1,1,0
170302,2016.0,0.641904761904762,1.0,1,1,0
170303,2016.0,0.6369939393939394,1.0,1,1,0
180101,2016.0,0.5856142857142855,1.0,1,0,0
180102,2016.0,0.5508,1.0,1,0,0
180103,2016.0,0.5594666666666667,1.0,1,0,0
180104,2016.0,0.5592666666666667,1.0,1,0,0
180105,2016.0,0.6132909090909091,1.0,1,1,0
180106,2016.0,0.5548,1.0,1,0,0
180201,2016.0,0.5287333333333334,1.0,1,0,0
180202,2016.0,0.5310476190476189,1.0,1,0,0
180203,2016.0,0.5731968253968255,1.0,1,0,0
180204,2016.0,0.5629111111111111,1.0,1,0,0
180205,2016.0,0.5747333333333333,1.0,1,0,0
180206,2016.0,0.5594666666666667,1.0,1,0,0
180207,2016.0,0.634,1.0,1,1,0
180208,2016.0,0.5463333333333333,1.0,1,0,0
180209,2016.0,0.6266,1.0,1,1,0
180210,2016.0,0.5038888888888889,1.0,1,0,0
180211,2016.0,0.5126666666666666,1.0,1,0,0
180301,2016.0,0.6119181818181818,1.0,1,1,0
180302,2016.0,0.6010666666666667,1.0,1,1,0
180303,2016.0,0.6267428571428573,1.0,1,1,0
190101,2016.0,0.688652380952381,1.0,1,1,1
190102,2016.0,0.588504761904762,1.0,1,0,0
190103,2016.0,0.6102,1.0,1,1,0
190104,2016.0,0.6745333333333334,1.0,1,1,1
190105,2016.0,0.6203999999999998,1.0,1,1,0
190106,2016.0,0.5730666666666666,1.0,1,0,0
190107,2016.0,0.5934666666666667,1.0,1,0,0
190108,2016.0,0.499,0.0,0,0,0
190109,2016.0,0.6074969696969695,1.0,1,1,0
190110,2016.0,0.5028666666666667,1.0,1,0,0
190111,2016.0,0.5158666666666667,1.0,1,0,0
190112,2016.0,0.5709999999999998,1.0,1,0,0
190113,2016.0,0.6401587301587301,1.0,1,1,0
190201,2016.0,0.5790666666666667,1.0,1,0,0
190202,2016.0,0.5426666666666667,1.0,1,0,0
190203,2016.0,0.5176888888888889,1.0,1,0,0
190204,2016.0,0.5592999999999999,1.0,1,0,0
190205,2016.0,0.5516153846153846,1.0,1,0,0
190206,2016.0,0.6081333333333333,1.0,1,1,0
190207,2016.0,0.5625999999999999,1.0,1,0,0
190208,2016.0,0.5391333333333334,1.0,1,0,0
190301,2016.0,0.5986,1.0,1,0,0
190302,2016.0,0.5928714285714286,1.0,1,0,0
190303,2016.0,0.6243939393939395,1.0,1,1,0
190304,2016.0,0.5824380952380953,1.0,1,0,0
190305,2016.0,0.6322380952380953,1.0,1,1,0
190306,2016.0,0.5746999999999999,1.0,1,0,0
190307,2016.0,0.6365999999999999,1.0,1,1,0
190308,2016.0,0.5431714285714284,1.0,1,0,0
200101,2016.0,0.5485666666666666,1.0,1,0,0
200104,2016.0,0.6411333333333333,1.0,1,1,0
200105,2016.0,0.6649333333333334,1.0,1,1,1
200107,2016.0,0.5173999999999999,1.0,1,0,0
200108,2016.0,0.5200888888888889,1.0,1,0,0
200109,2016.0,0.594504761904762,1.0,1,0,0
200110,2016.0,0.6066476190476192,1.0,1,1,0
200111,2016.0,0.6161666666666668,1.0,1,1,0
200114,2016.0,0.6365383838383838,1.0,1,1,0
200115,2016.0,0.5895142857142858,1.0,1,0,0
200201,2016.0,0.5376666666666667,1.0,1,0,0
200202,2016.0,0.47378095238095236,0.0,0,0,0
200203,2016.0,0.5084666666666667,1.0,1,0,0
200204,2016.0,0.4726666666666666,0.0,0,0,0
200205,2016.0,0.5428,1.0,1,0,0
200206,2016.0,0.5742666666666667,1.0,1,0,0
200207,2016.0,0.6037160173160173,1.0,1,1,0
200208,2016.0,0.5133333333333333,1.0,1,0,0
200209,2016.0,0.522847619047619,1.0,1,0,0
200210,2016.0,0.567,1.0,1,0,0
200301,2016.0,0.5118,1.0,1,0,0
200302,2016.0,0.5135333333333333,1.0,1,0,0
200303,2016.0,0.5865714285714285,1.0,1,0,0
200304,2016.0,0.5205333333333333,1.0,1,0,0
200305,2016.0,0.5527047619047619,1.0,1,0,0
200306,2016.0,0.5574666666666666,1.0,1,0,0
200307,2016.0,0.5221333333333332,1.0,1,0,0
200308,2016.0,0.5194666666666667,1.0,1,0,0
200401,2016.0,0.6422000000000001,1.0,1,1,0
200402,2016.0,0.5984820512820512,1.0,1,0,0
200403,2016.0,0.6067333333333333,1.0,1,1,0
200404,2016.0,0.6166534798534798,1.0,1,1,0
200405,2016.0,0.6487444444444446,1.0,1,1,0
200406,2016.0,0.582196336996337,1.0,1,0,0
200407,2016.0,0.5491777777777778,1.0,1,0,0
200408,2016.0,0.5488,1.0,1,0,0
200409,2016.0,0.4487,0.0,0,0,0
200410,2016.0,0.5954666666666666,1.0,1,0,0
200501,2016.0,0.7155242424242423,1.0,1,1,1
200502,2016.0,0.6204000000000001,1.0,1,1,0
200503,2016.0,0.6357333333333334,1.0,1,1,0
200504,2016.0,0.6233333333333334,1.0,1,1,0
200505,2016.0,0.6494666666666667,1.0,1,1,0
200506,2016.0,0.6374666666666667,1.0,1,1,0
200507,2016.0,0.6403809523809524,1.0,1,1,0
200601,2016.0,0.61215873015873,1.0,1,1,0
200602,2016.0,0.6082603174603175,1.0,1,1,0
200603,2016.0,0.5939333333333333,1.0,1,0,0
200604,2016.0,0.5125047619047618,1.0,1,0,0
200605,2016.0,0.5926333333333335,1.0,1,0,0
200606,2016.0,0.6188,1.0,1,1,0
200607,2016.0,0.6423333333333334,1.0,1,1,0
200608,2016.0,0.5708444444444446,1.0,1,0,0
200701,2016.0,0.6294142857142857,1.0,1,1,0
200702,2016.0,0.6966666666666667,1.0,1,1,1
200703,2016.0,0.6366333333333333,1.0,1,1,0
200704,2016.0,0.6318666666666667,1.0,1,1,0
200705,2016.0,0.7003333333333334,1.0,1,1,1
200706,2016.0,0.6566428571428572,1.0,1,1,0
200801,2016.0,0.5919333333333334,1.0,1,0,0
200802,2016.0,0.5824539682539682,1.0,1,0,0
200803,2016.0,0.5979333333333334,1.0,1,0,0
200804,2016.0,0.5522666666666667,1.0,1,0,0
200805,2016.0,0.5833272727272728,1.0,1,0,0
200806,2016.0,0.574,1.0,1,0,0
210101,2016.0,0.6596000000000001,1.0,1,1,0
210102,2016.0,0.5657380952380953,1.0,1,0,0
210103,2016.0,0.5634666666666667,1.0,1,0,0
210104,2016.0,0.5724222222222222,1.0,1,0,0
210105,2016.0,0.5990666666666667,1.0,1,0,0
210106,2016.0,0.47526666666666667,0.0,0,0,0
210107,2016.0,0.5533888888888889,1.0,1,0,0
210108,2016.0,0.5134456876456878,1.0,1,0,0
210109,2016.0,0.5681333333333334,1.0,1,0,0
210110,2016.0,0.5317142857142858,1.0,1,0,0
210111,2016.0,0.5937333333333333,1.0,1,0,0
210112,2016.0,0.5363333333333332,1.0,1,0,0
210113,2016.0,0.5682222222222221,1.0,1,0,0
210114,2016.0,0.6202666666666667,1.0,1,1,0
210115,2016.0,0.5665333333333333,1.0,1,0,0
210201,2016.0,0.48971904761904766,0.0,0,0,0
210202,2016.0,0.5512,1.0,1,0,0
210203,2016.0,0.6007555555555557,1.0,1,1,0
210204,2016.0,0.5257333333333334,1.0,1,0,0
210205,2016.0,0.5480222222222222,1.0,1,0,0
210206,2016.0,0.5314,1.0,1,0,0
210207,2016.0,0.5523555555555556,1.0,1,0,0
210208,2016.0,0.5907269841269841,1.0,1,0,0
210209,2016.0,0.5741333333333333,1.0,1,0,0
210210,2016.0,0.5441333333333334,1.0,1,0,0
210211,2016.0,0.5213333333333334,1.0,1,0,0
210212,2016.0,0.5249333333333334,1.0,1,0,0
210213,2016.0,0.5186888888888889,1.0,1,0,0
210214,2016.0,0.5309555555555556,1.0,1,0,0
210215,2016.0,0.5713365079365079,1.0,1,0,0
210301,2016.0,0.5888333333333332,1.0,1,0,0
210302,2016.0,0.5471809523809523,1.0,1,0,0
210303,2016.0,0.6393666666666667,1.0,1,1,0
210304,2016.0,0.5329047619047619,1.0,1,0,0
210305,2016.0,0.5343333333333333,1.0,1,0,0
210306,2016.0,0.5741333333333332,1.0,1,0,0
210307,2016.0,0.5394666666666666,1.0,1,0,0
210308,2016.0,0.549377777777778,1.0,1,0,0
210309,2016.0,0.6770380952380952,1.0,1,1,1
210310,2016.0,0.6234333333333334,1.0,1,1,0
210401,2016.0,0.626,1.0,1,1,0
210402,2016.0,0.5480000000000002,1.0,1,0,0
210403,2016.0,0.59,1.0,1,0,0
210404,2016.0,0.5294153846153846,1.0,1,0,0
210405,2016.0,0.5358,1.0,1,0,0
210406,2016.0,0.593,1.0,1,0,0
210407,2016.0,0.5398666666666667,1.0,1,0,0
210501,2016.0,0.602711111111111,1.0,1,1,0
210502,2016.0,0.48743333333333333,0.0,0,0,0
210503,2016.0,0.582748717948718,1.0,1,0,0
210504,2016.0,0.5179333333333334,1.0,1,0,0
210505,2016.0,0.5455555555555557,1.0,1,0,0
210601,2016.0,0.5767333333333333,1.0,1,0,0
210602,2016.0,0.5824333333333334,1.0,1,0,0
210603,2016.0,0.587,1.0,1,0,0
210604,2016.0,0.5388,1.0,1,0,0
210605,2016.0,0.4975555555555556,0.0,0,0,0
210606,2016.0,0.528,1.0,1,0,0
210607,2016.0,0.6001809523809525,1.0,1,1,0
210608,2016.0,0.5685333333333333,1.0,1,0,0
210701,2016.0,0.5702666666666668,1.0,1,0,0
210702,2016.0,0.5598,1.0,1,0,0
210703,2016.0,0.6174666666666667,1.0,1,1,0
210704,2016.0,0.5124,1.0,1,0,0
210705,2016.0,0.6126,1.0,1,1,0
210706,2016.0,0.5752222222222223,1.0,1,0,0
210707,2016.0,0.5888333333333332,1.0,1,0,0
210708,2016.0,0.544536507936508,1.0,1,0,0
210709,2016.0,0.6710857142857143,1.0,1,1,1
210710,2016.0,0.5317999999999999,1.0,1,0,0
210801,2016.0,0.6161333333333334,1.0,1,1,0
210802,2016.0,0.5721333333333335,1.0,1,0,0
210803,2016.0,0.6033333333333333,1.0,1,1,0
210804,2016.0,0.551847619047619,1.0,1,0,0
210805,2016.0,0.5212095238095238,1.0,1,0,0
210806,2016.0,0.6333714285714286,1.0,1,1,0
210807,2016.0,0.6554444444444446,1.0,1,1,0
210808,2016.0,0.596952380952381,1.0,1,0,0
210809,2016.0,0.5482222222222222,1.0,1,0,0
210901,2016.0,0.5231666666666668,1.0,1,0,0
210902,2016.0,0.5540095238095237,1.0,1,0,0
210903,2016.0,0.5491333333333334,1.0,1,0,0
210904,2016.0,0.5792820512820512,1.0,1,0,0
211001,2016.0,0.6058666666666666,1.0,1,1,0
211002,2016.0,0.6236000000000002,1.0,1,1,0
211003,2016.0,0.5418888888888889,1.0,1,0,0
211004,2016.0,0.5350777777777778,1.0,1,0,0
211005,2016.0,0.504,1.0,1,0,0
211101,2016.0,0.6120132756132757,1.0,1,1,0
211102,2016.0,0.5365333333333333,1.0,1,0,0
211103,2016.0,0.5484333333333334,1.0,1,0,0
211104,2016.0,0.5912666666666667,1.0,1,0,0
211201,2016.0,0.5624333333333336,1.0,1,0,0
211202,2016.0,0.5070666666666667,1.0,1,0,0
211203,2016.0,0.4965666666666667,0.0,0,0,0
211204,2016.0,0.48860000000000003,0.0,0,0,0
211205,2016.0,0.5837333333333333,1.0,1,0,0
211206,2016.0,0.5428333333333334,1.0,1,0,0
211207,2016.0,0.48119999999999996,0.0,0,0,0
211208,2016.0,0.6127142857142858,1.0,1,1,0
211209,2016.0,0.5332666666666668,1.0,1,0,0
211210,2016.0,0.49953333333333333,0.0,0,0,0
211301,2016.0,0.5978333333333333,1.0,1,0,0
211302,2016.0,0.6141333333333333,1.0,1,1,0
211303,2016.0,0.5593333333333333,1.0,1,0,0
211304,2016.0,0.5244,1.0,1,0,0
211305,2016.0,0.4645333333333333,0.0,0,0,0
211306,2016.0,0.4848,0.0,0,0,0
211307,2016.0,0.5116630036630037,1.0,1,0,0
220101,2016.0,0.6832606060606061,1.0,1,1,1
220102,2016.0,0.6270380952380953,1.0,1,1,0
220103,2016.0,0.5560666666666667,1.0,1,0,0
220104,2016.0,0.6368272727272729,1.0,1,1,0
220105,2016.0,0.5598095238095239,1.0,1,0,0
220106,2016.0,0.6560380952380952,1.0,1,1,0
220201,2016.0,0.5810969696969699,1.0,1,0,0
220202,2016.0,0.6179904761904761,1.0,1,1,0
220203,2016.0,0.5692666666666667,1.0,1,0,0
220204,2016.0,0.5126000000000001,1.0,1,0,0
220205,2016.0,0.5653666666666667,1.0,1,0,0
220206,2016.0,0.5963333333333334,1.0,1,0,0
220301,2016.0,0.5880034632034633,1.0,1,0,0
220302,2016.0,0.5650666666666666,1.0,1,0,0
220303,2016.0,0.5260666666666666,1.0,1,0,0
220304,2016.0,0.5158222222222223,1.0,1,0,0
220305,2016.0,0.5231333333333333,1.0,1,0,0
220401,2016.0,0.6028000000000002,1.0,1,1,0
220402,2016.0,0.5245,1.0,1,0,0
220403,2016.0,0.6267999999999999,1.0,1,1,0
220404,2016.0,0.5738380952380953,1.0,1,0,0
220405,2016.0,0.5967868131868133,1.0,1,0,0
220406,2016.0,0.4931333333333333,0.0,0,0,0
220501,2016.0,0.5996320346320347,1.0,1,0,0
220502,2016.0,0.532888888888889,1.0,1,0,0
220503,2016.0,0.511,1.0,1,0,0
220504,2016.0,0.5217555555555555,1.0,1,0,0
220505,2016.0,0.6266666666666667,1.0,1,1,0
220506,2016.0,0.5460666666666666,1.0,1,0,0
220507,2016.0,0.5975777777777778,1.0,1,0,0
220508,2016.0,0.5587333333333333,1.0,1,0,0
220509,2016.0,0.5258666666666666,1.0,1,0,0
220510,2016.0,0.494948717948718,0.0,0,0,0
220511,2016.0,0.5890222222222221,1.0,1,0,0
220601,2016.0,0.6159939393939395,1.0,1,1,0
220602,2016.0,0.5124666666666667,1.0,1,0,0
220603,2016.0,0.5827636363636365,1.0,1,0,0
220604,2016.0,0.6675714285714286,1.0,1,1,1
220701,2016.0,0.46718253968253964,0.0,0,0,0
220702,2016.0,0.585,1.0,1,0,0
220703,2016.0,0.5847777777777778,1.0,1,0,0
220704,2016.0,0.6104031746031746,1.0,1,1,0
220705,2016.0,0.5032222222222222,1.0,1,0,0
220706,2016.0,0.5683999999999999,1.0,1,0,0
220707,2016.0,0.5736761904761906,1.0,1,0,0
220708,2016.0,0.6287,1.0,1,1,0
220709,2016.0,0.5939555555555556,1.0,1,0,0
220801,2016.0,0.5915111111111112,1.0,1,0,0
220802,2016.0,0.6146666666666667,1.0,1,1,0
220803,2016.0,0.6753492063492063,1.0,1,1,1
220804,2016.0,0.6478444444444446,1.0,1,1,0
220805,2016.0,0.5959333333333333,1.0,1,0,0
220806,2016.0,0.6079333333333333,1.0,1,1,0
220807,2016.0,0.6153000000000001,1.0,1,1,0
220808,2016.0,0.5456555555555556,1.0,1,0,0
220809,2016.0,0.6216,1.0,1,1,0
220901,2016.0,0.6807272727272728,1.0,1,1,1
220902,2016.0,0.6358666666666667,1.0,1,1,0
220903,2016.0,0.5594000000000001,1.0,1,0,0
220904,2016.0,0.5142666666666666,1.0,1,0,0
220905,2016.0,0.5796,1.0,1,0,0
220906,2016.0,0.5691555555555555,1.0,1,0,0
220907,2016.0,0.5275333333333333,1.0,1,0,0
220908,2016.0,0.6111,1.0,1,1,0
220909,2016.0,0.6514333333333335,1.0,1,1,0
220910,2016.0,0.6589904761904763,1.0,1,1,0
220911,2016.0,0.5996,1.0,1,0,0
220912,2016.0,0.5371999999999999,1.0,1,0,0
220913,2016.0,0.5831333333333334,1.0,1,0,0
220914,2016.0,0.5990666666666667,1.0,1,0,0
221001,2016.0,0.6637492063492063,1.0,1,1,1
221002,2016.0,0.608860606060606,1.0,1,1,0
221003,2016.0,0.5173666666666666,1.0,1,0,0
221004,2016.0,0.5913333333333333,1.0,1,0,0
221005,2016.0,0.6349333333333333,1.0,1,1,0
230101,2016.0,0.7003190476190475,1.0,1,1,1
230102,2016.0,0.6329904761904762,1.0,1,1,0
230103,2016.0,0.6329777777777778,1.0,1,1,0
230104,2016.0,0.6611212121212121,1.0,1,1,0
230105,2016.0,0.5542,1.0,1,0,0
230106,2016.0,0.6736,1.0,1,1,1
230107,2016.0,0.5719333333333334,1.0,1,0,0
230108,2016.0,0.6155333333333333,1.0,1,1,0
230109,2016.0,0.6049333333333333,1.0,1,1,0
230110,2016.0,0.6313,1.0,1,1,0
230201,2016.0,0.6188,1.0,1,1,0
230202,2016.0,0.6438,1.0,1,1,0
230203,2016.0,0.5928,1.0,1,0,0
230204,2016.0,0.6791333333333334,1.0,1,1,1
230205,2016.0,0.5700761904761905,1.0,1,0,0
230206,2016.0,0.5928,1.0,1,0,0
230301,2016.0,0.6846666666666668,1.0,1,1,1
230302,2016.0,0.5205333333333333,1.0,1,0,0
230303,2016.0,0.6098666666666667,1.0,1,1,0
230401,2016.0,0.6162666666666667,1.0,1,1,0
230402,2016.0,0.6025999999999999,1.0,1,1,0
230403,2016.0,0.662,1.0,1,1,0
230404,2016.0,0.637,1.0,1,1,0
230405,2016.0,0.6172666666666666,1.0,1,1,0
230406,2016.0,0.5853333333333334,1.0,1,0,0
230407,2016.0,0.5691333333333334,1.0,1,0,0
230408,2016.0,0.6286666666666666,1.0,1,1,0
240101,2016.0,0.6998,1.0,1,1,1
240102,2016.0,0.6394158730158731,1.0,1,1,0
240103,2016.0,0.6421333333333333,1.0,1,1,0
240104,2016.0,0.5285333333333333,1.0,1,0,0
240105,2016.0,0.5825333333333333,1.0,1,0,0
240106,2016.0,0.6940000000000001,1.0,1,1,1
240201,2016.0,0.6578190476190475,1.0,1,1,0
240202,2016.0,0.5832666666666666,1.0,1,0,0
240203,2016.0,0.6223428571428572,1.0,1,1,0
240301,2016.0,0.5821142857142858,1.0,1,0,0
240302,2016.0,0.6845142857142857,1.0,1,1,1
240303,2016.0,0.5509809523809525,1.0,1,0,0
240304,2016.0,0.5808,1.0,1,0,0
250101,2016.0,0.6067190476190477,1.0,1,1,0
250102,2016.0,0.6476666666666667,1.0,1,1,0
250103,2016.0,0.5309333333333333,1.0,1,0,0
250104,2016.0,0.47808888888888895,0.0,0,0,0
250105,2016.0,0.6565809523809525,1.0,1,1,0
250106,2016.0,0.5911904761904763,1.0,1,0,0
250107,2016.0,0.6307111111111112,1.0,1,1,0
250201,2016.0,0.6664939393939394,1.0,1,1,1
250202,2016.0,0.5390666666666667,1.0,1,0,0
250203,2016.0,0.5513714285714286,1.0,1,0,0
250204,2016.0,0.567047619047619,1.0,1,0,0
250301,2016.0,0.6719333333333334,1.0,1,1,1
250302,2016.0,0.6013809523809525,1.0,1,1,0
250303,2016.0,0.5609777777777778,1.0,1,0,0
